Workbook

Sheet Links
A1: Helpdesk: | B1: https://adapthealthhelpdesk.freshservice.com/support/tickets/
B2: https://hbos.freshdesk.com/support/tickets/new
A3: Dashboard | B3: Performance Dashboard (Revised) (google.com)

Sheet SLA
A1: Count of Days Grouping | B1: Column Labels | N1: 45547 | R1: WORKFLOW | S1: RPH | T1: Hrts | U1: Days to Work | V1: FTE | X1: SLA
A2: Row Labels | B2: 3 or less | C2: 4 to 7 | D2: 7 to 10 | E2: 11 to 14 | F2: 15 to 21 | G2: 22 to 30 | H2: 31 to 60 | I2: 61 to 90 | J2: 91 to 120 | K2: 121 to 180 | L2: 181 plus | M2: Grand Total | R2: DCAH | S2: 15 | T2: 1284 | U2: 2 | V2: 80 | X2: 0.61
A3: Audit Only | B3: 4 | C3: 25 | D3: 5 | E3: 24 | F3: 9 | M3: 67 | N3: 0.4328 | R3: PCAH | S3: 15 | T3: 1021 | U3: 4 | V3: 32 | X3: 0.44
A4: Benefit Verification | B4: 7 | M4: 7 | N4: 1 | R4: Confirmed Sales | S4: 20 | T4: 41 | U4: 1 | V4: 5 | X4: 1
A5: Doctor Call | B5: 11 | C5: 6 | E5: 1 | M5: 18 | N5: 0.9444 | R5: Edocument | S5: 17 | T5: 315 | U5: 2 | V5: 20 | X5: 1
A6: Doctor Denied | B6: 1547 | C6: 1604 | D6: 196 | E6: 348 | F6: 304 | G6: 482 | H6: 976 | I6: 701 | J6: 824 | K6: 470 | L6: 1 | M6: 7453 | N6: 0.4228 | R6: Edocument Exceptions List | S6: 17 | T6: 176 | U6: 2 | V6: 11 | X6: 0.946
A7: Doctor Research | B7: 135 | M7: 135 | N7: 1 | R7: Inbound Call | S7: 10 | T7: 0 | X7: 1% Abandoned Rate
A8: Fax Research | B8: 96 | M8: 96 | N8: 1 | R8: DCAH Scrubs | S8: 20 | T8: 25 | U8: 5 | V8: 1 | W8: 1447 | X8: 1
A9: Patient Follow Up Call | B9: 1776 | C9: 636 | D9: 620 | E9: 242 | F9: 378 | G9: 467 | H9: 824 | I9: 554 | J9: 591 | K9: 375 | M9: 6463 | N9: 0.3732 | R9: ARM/FTP | S9: 25 | T9: 145 | U9: 1 | V9: 18 | X9: 0.93
A10: Rework | B10: 213 | C10: 34 | D10: 9 | E10: 1 | F10: 7 | M10: 264 | N10: 0.9356 | R10: VSA | S10: 10 | T10: 20 | U10: 5 | V10: 1 | X10: 1
A11: Rx Chase | B11: 7060 | C11: 3115 | D11: 3065 | E11: 3913 | F11: 5276 | G11: 2592 | H11: 85 | I11: 23 | J11: 13 | K11: 34 | M11: 25176 | N11: 0.4042 | R11: Benver | S11: 25 | T11: 1 | U11: 5 | V11: 0 | X11: 1
A12: Grand Total | B12: 10849 | C12: 5420 | D12: 3895 | E12: 4529 | F12: 5974 | G12: 3541 | H12: 1885 | I12: 1278 | J12: 1428 | K12: 879 | L12: 1 | M12: 39679 | N12: 0.41 | R12: Rework | S12: 15 | T12: 23 | U12: 5 | V12: 1 | X12: 0.94
R13: Aging 180 days | S13: 6 | T13: 27 | U13: 1 | V13: 3 | X13: Friday
R14: Aging 30 days | S14: 15 | T14: 80 | U14: 1 | V14: 10 | X14: Friday
R15: UHC Special Project | S15: 12 | T15: 167 | U15: 3 | V15: 7 | X15: 0.4
A16: Count of Days Grouping | B16: Column Labels | N16: 45547.208 | R16: CDT review | S16: 12 | T16: 0 | U16: 5 | V16: 1 | W16: 93 | X16: 0.73
A17: Row Labels | B17: 3 or less | C17: 4 to 7 | D17: 7 to 10 | E17: 11 to 14 | F17: 15 to 21 | G17: 22 to 30 | H17: 31 to 60 | I17: 61 to 90 | J17: 91 to 120 | K17: 121 to 180 | L17: 181 plus | M17: Grand Total | R17: FaxRes | T17: 160 | U17: 5 | V17: 4 | X17: 1
A18: Audit Only | B18: 4 | C18: 25 | D18: 5 | E18: 24 | F18: 9 | M18: 67 | N18: 0.4328 | R18: DocRes | T18: 40 | U18: 5 | V18: 1 | X18: 1
A19: Benefit Verification | B19: 14 | M19: 14 | N19: 1 | R19: DocMatch | T19: 40 | U19: 5 | V19: 1 | X19: 1
A20: Doctor Call | B20: 9 | C20: 4 | E20: 1 | M20: 14 | N20: 0.9286 | R20: FaxMap | T20: 160 | U20: 5 | V20: 4 | X20: 1 | Y20: AH DIAB pending
A21: Doctor Denied | B21: 1586 | C21: 1608 | D21: 196 | E21: 348 | F21: 304 | G21: 483 | H21: 976 | I21: 701 | J21: 824 | K21: 468 | L21: 1 | M21: 7495 | N21: 0.4262 | R21: FaxReview | T21: 40 | U21: 5 | V21: 1 | X21: 1
A22: Doctor Research | B22: 132 | M22: 132 | N22: 1 | R22: Email/VM Response | T22: 20 | U22: 5 | V22: 0.5
A23: Fax Research | B23: 89 | M23: 89 | N23: 1 | R23: Blank Held | S23: 10 | T23: 39 | U23: 5 | V23: 1 | X23: 1
A24: Patient Follow Up Call | B24: 1853 | C24: 637 | D24: 620 | E24: 243 | F24: 379 | G24: 466 | H24: 824 | I24: 553 | J24: 591 | K24: 374 | M24: 6540 | N24: 0.3807 | R24: VA MCD | S24: 6 | T24: 89 | U24: 1 | V24: 11 | X24: 1
A25: Rework | B25: 220 | C25: 34 | D25: 9 | E25: 1 | F25: 7 | M25: 271 | N25: 0.9373 | R25: TriCare | S25: 20 | T25: 250 | U25: 22 | V25: 1 | X25: 0.6252
A26: Rx Chase | B26: 7362 | C26: 2900 | D26: 2874 | E26: 3480 | F26: 5134 | G26: 2523 | H26: 84 | I26: 25 | J26: 14 | K26: 45 | M26: 24441 | N26: 0.4199 | R26: AtRisk | S26: 20 | T26: 50 | U26: 1 | V26: 6 | X26: Friday
A27: Grand Total | B27: 11269 | C27: 5208 | D27: 3704 | E27: 4097 | F27: 5833 | G27: 3472 | H27: 1884 | I27: 1279 | J27: 1429 | K27: 887 | L27: 1 | M27: 39063 | N27: 0.4218 | R27: Age Resting Orders Review | S27: 15 | T27: 40 | U27: 1 | V27: 5 | X27: 1
A29: Count of Days Grouping | C29: Days Grouping | O29: 45548 | R29: WKS16
A30: Status | B30: SubStatus | C30: 3 or less | D30: 4 to 7 | E30: 7 to 10 | F30: 11 to 14 | G30: 15 to 21 | H30: 22 to 30 | I30: 31 to 60 | J30: 61 to 90 | K30: 91 to 120 | L30: 121 to 180 | M30: 181 plus | N30: Grand Total | O30: SLA | R30: WORKFLOW | S30: RPH | T30: Hrts | U30: Days to Work | V30: FTE | X30: SLA
A31: Audit Only | D31: 29 | E31: 4 | F31: 25 | G31: 9 | N31: 67 | O31: 0 | R31: DCAH | S31: 15 | T31: 1284 | U31: 2 | V31: 80 | X31: 0.57
A32: Benefit Verification | B32: - | C32: 1 | N32: 1 | O32: 1 | R32: PCAH | S32: 15 | T32: 1021 | U32: 4 | V32: 32 | X32: 0.44
A33: Doctor Research | C33: 184 | N33: 184 | O33: 1 | R33: Confirmed Sales | S33: 20 | T33: 41 | U33: 1 | V33: 5 | X33: 1
A34: Fax Research | C34: 5 | N34: 5 | O34: 1 | R34: Edocument | S34: 17 | T34: 315 | U34: 2 | V34: 20 | X34: 0.95
A35: Doctor Call | C35: 5 | N35: 5 | O35: 1 | R35: Edocument Exceptions List | S35: 17 | T35: 176 | U35: 2 | V35: 11
A36: Doctor Denied | C36: 1116 | D36: 1366 | E36: 955 | F36: 330 | G36: 317 | H36: 447 | I36: 1059 | J36: 669 | K36: 839 | L36: 485 | M36: 1 | N36: 7584 | O36: 0.33 | R36: Inbound Call | S36: 10 | T36: 0
A37: Patient Follow Up Call | C37: 1412 | D37: 915 | E37: 869 | F37: 216 | G37: 375 | H37: 473 | I37: 872 | J37: 533 | K37: 595 | L37: 389 | N37: 6649 | O37: 0.35 | R37: DCAH Scrubs | S37: 20 | T37: 25 | U37: 5 | V37: 1 | W37: 1447
A38: Rework | C38: 184 | D38: 74 | E38: 14 | F38: 2 | G38: 7 | H38: 1 | N38: 282 | O38: 0.91 | R38: ARM/FTP | S38: 25 | T38: 145 | U38: 1 | V38: 18 | X38: 0.77
A39: Rx Chase | B39: - | C39: 319 | D39: 109 | E39: 31 | F39: 106 | G39: 263 | H39: 107 | I39: 19 | N39: 954 | O39: 0.45 | R39: VSA | S39: 10 | T39: 20 | U39: 5 | V39: 1 | X39: 1
B40: Call First | C40: 34 | D40: 2 | E40: 3 | F40: 1 | G40: 2 | H40: 4 | N40: 46 | O40: 0.78 | R40: Benver | S40: 25 | T40: 1 | U40: 5 | V40: 0 | X40: 1
B41: EDocument | C41: 800 | D41: 446 | E41: 83 | F41: 8 | G41: 12 | H41: 7 | I41: 1 | N41: 1357 | O41: 0.92 | R41: Rework | S41: 15 | T41: 23 | U41: 5 | V41: 1
B42: Edocument Attempts Exhausted | C42: 863 | D42: 299 | E42: 44 | F42: 3 | N42: 1209 | O42: 0.96 | R42: Aging 180 days | S42: 6 | T42: 27 | U42: 1 | V42: 3
B43: FTP Post | C43: 2207 | D43: 456 | E43: 44 | F43: 127 | G43: 14 | H43: 4 | N43: 2852 | O43: 0.93 | R43: Aging 30 days | S43: 15 | T43: 80 | U43: 1 | V43: 10
B44: Max Attempts | C44: 5105 | D44: 718 | E44: 1758 | F44: 1198 | G44: 3087 | H44: 4268 | I44: 107 | N44: 16241 | O44: 0.36 | R44: UHC Special Project | S44: 12 | T44: 167 | U44: 3 | V44: 7 | X44: 0.9
B45: POC Email Attempts Exhausted | C45: 51 | D45: 32 | E45: 10 | F45: 87 | G45: 85 | H45: 14 | I45: 13 | J45: 23 | K45: 13 | L45: 34 | N45: 362 | O45: 0.23 | R45: CDT review | S45: 12 | T45: 0 | U45: 5 | V45: 1 | W45: 93 | X45: 1
A46: Grand Total | C46: 12286 | D46: 4446 | E46: 3815 | F46: 2103 | G46: 4171 | H46: 5325 | I46: 2071 | J46: 1225 | K46: 1447 | L46: 908 | M46: 1 | N46: 37798 | O46: 0.44 | R46: FaxRes | T46: 160 | U46: 5 | V46: 4 | X46: 1
R47: DocRes | T47: 40 | U47: 5 | V47: 1 | X47: 1
A48: Count of Days Grouping | B48: Column Labels | N48: 09/13/2024 - 12:30 | R48: DocMatch | T48: 40 | U48: 5 | V48: 1 | X48: 1
A49: Row Labels | B49: 3 or less | C49: 4 to 7 | D49: 7 to 10 | E49: 11 to 14 | F49: 15 to 21 | G49: 22 to 30 | H49: 31 to 60 | I49: 61 to 90 | J49: 91 to 120 | K49: 121 to 180 | L49: 181 plus | M49: Grand Total | R49: FaxMap | T49: 160 | U49: 5 | V49: 4 | X49: 1
A50: Audit Only | C50: 29 | D50: 4 | E50: 25 | F50: 9 | M50: 67 | N50: 0.4328 | R50: FaxReview | T50: 40 | U50: 5 | V50: 1 | X50: 1
A51: Benefit Verification | B51: 6 | M51: 6 | N51: 1 | R51: Email/VM Response | T51: 20 | U51: 5 | V51: 0.5
A52: Doctor Call | B52: 5 | M52: 5 | N52: 1 | R52: Blank Held | S52: 10 | T52: 39 | U52: 5 | V52: 1 | X52: 0.77
A53: Doctor Denied | B53: 1153 | C53: 1366 | D53: 960 | E53: 330 | F53: 317 | G53: 448 | H53: 1059 | I53: 669 | J53: 839 | K53: 485 | L53: 1 | M53: 7627 | N53: 0.3303 | R53: VA MCD | S53: 6 | T53: 89 | U53: 1 | V53: 11 | X53: 0.7488
A54: Doctor Research | B54: 139 | M54: 139 | N54: 1 | R54: TriCare | S54: 20 | T54: 250 | U54: 22 | V54: 1 | X54: 1
A55: Fax Research | B55: 12 | M55: 12 | N55: 1 | R55: AtRisk | S55: 20 | T55: 50 | U55: 1 | V55: 6
A56: Patient Follow Up Call | B56: 1458 | C56: 916 | D56: 869 | E56: 217 | F56: 376 | G56: 473 | H56: 872 | I56: 533 | J56: 594 | K56: 389 | M56: 6697 | N56: 0.3545 | R56: Age Resting Orders Review | S56: 15 | T56: 40 | U56: 1 | V56: 5
A57: Rework | B57: 185 | C57: 73 | D57: 14 | E57: 2 | F57: 6 | G57: 1 | M57: 281 | N57: 0.9181
A58: Rx Chase | B58: 9336 | C58: 2020 | D58: 1945 | E58: 1454 | F58: 3414 | G58: 4074 | H58: 118 | I58: 24 | J58: 14 | K58: 44 | M58: 22443 | N58: 0.506
A59: Grand Total | B59: 12294 | C59: 4404 | D59: 3792 | E59: 2028 | F59: 4122 | G59: 4996 | H59: 2049 | I59: 1226 | J59: 1447 | K59: 918 | L59: 1 | M59: 37277 | N59: 0.4479
A61: Count of Days Grouping | B61: Column Labels | N61: 09/13/2024 EOD
A62: Row Labels | B62: 3 or less | C62: 4 to 7 | D62: 7 to 10 | E62: 11 to 14 | F62: 15 to 21 | G62: 22 to 30 | H62: 31 to 60 | I62: 61 to 90 | J62: 91 to 120 | K62: 121 to 180 | L62: 181 plus | M62: Grand Total
A63: Audit Only | C63: 29 | D63: 4 | E63: 25 | F63: 9 | M63: 67 | N63: 0.4328
A64: Doctor Call | B64: 5 | M64: 5 | N64: 1
A65: Doctor Denied | B65: 1200 | C65: 1366 | D65: 960 | E65: 330 | F65: 317 | G65: 448 | H65: 1059 | I65: 669 | J65: 839 | K65: 485 | L65: 1 | M65: 7674 | N65: 0.3344
A66: Doctor Research | B66: 38 | M66: 38 | N66: 1
A67: Fax Research | B67: 9 | M67: 9 | N67: 1
A68: Patient Follow Up Call | B68: 1568 | C68: 916 | D68: 869 | E68: 217 | F68: 376 | G68: 472 | H68: 872 | I68: 533 | J68: 594 | K68: 389 | M68: 6806 | N68: 0.365
A69: Rework | B69: 176 | C69: 71 | D69: 14 | E69: 2 | F69: 6 | G69: 1 | M69: 270 | N69: 0.9148
A70: Rx Chase | B70: 9385 | C70: 1983 | D70: 1845 | E70: 1391 | F70: 3203 | G70: 3692 | H70: 115 | I70: 24 | J70: 14 | K70: 44 | M70: 21696 | N70: 0.524
A71: Grand Total | B71: 12381 | C71: 4365 | D71: 3692 | E71: 1965 | F71: 3911 | G71: 4613 | H71: 2046 | I71: 1226 | J71: 1447 | K71: 918 | L71: 1 | M71: 36565 | N71: 0.458
A74: Count of Days Grouping | C74: Days Grouping | O74: 45551
A75: Status | B75: SubStatus | C75: 3 or less | D75: 4 to 7 | E75: 7 to 10 | F75: 11 to 14 | G75: 15 to 21 | H75: 22 to 30 | I75: 31 to 60 | J75: 61 to 90 | K75: 91 to 120 | L75: 121 to 180 | M75: 181 plus | N75: Grand Total | O75: SLA
A76: Audit Only | C76: 387 | D76: 4 | E76: 25 | F76: 5 | G76: 31 | N76: 452 | O76: 0.86
A77: Benefit Verification | C77: 7 | N77: 7 | O77: 1
A78: Doctor Research | C78: 249 | N78: 249 | O78: 1
A79: Fax Research | C79: 15 | D79: 3 | N79: 18 | O79: 0.83
A80: Doctor Call | C80: 71 | D80: 5 | N80: 76 | O80: 1
A81: Doctor Denied | C81: 591 | D81: 1521 | E81: 586 | F81: 851 | G81: 539 | H81: 378 | I81: 1063 | J81: 753 | K81: 828 | L81: 533 | M81: 1 | N81: 7644 | O81: 0.28
A82: Patient Follow Up Call | C82: 529 | D82: 1762 | E82: 262 | F82: 719 | G82: 470 | H82: 401 | I82: 913 | J82: 616 | K82: 598 | L82: 408 | N82: 6678 | O82: 0.34
A83: Rework | C83: 55 | D83: 182 | E83: 5 | F83: 15 | G83: 4 | H83: 3 | N83: 264 | O83: 0.9
A84: Rx Chase | C84: 8846 | D84: 9498 | E84: 923 | F84: 1787 | G84: 2748 | H84: 3496 | I84: 309 | J84: 18 | K84: 15 | L84: 35 | N84: 27675 | O84: 0.66
A85: Grand Total | C85: 10750 | D85: 12975 | E85: 1801 | F85: 3377 | G85: 3792 | H85: 4278 | I85: 2285 | J85: 1387 | K85: 1441 | L85: 976 | M85: 1 | N85: 43063 | O85: 0.55
A87: Count of Days Grouping | B87: Column Labels | N87: 45551.062
A88: Row Labels | B88: 3 or less | C88: 4 to 7 | D88: 7 to 10 | E88: 11 to 14 | F88: 15 to 21 | G88: 22 to 30 | H88: 31 to 60 | I88: 61 to 90 | J88: 91 to 120 | K88: 121 to 180 | L88: 181 plus | M88: Grand Total | N88: 45551
A89: Audit Only | B89: 194 | C89: 4 | D89: 24 | E89: 5 | F89: 30 | M89: 257 | N89: 0.77
A90: Benefit Verification | B90: 22 | M90: 22 | N90: 1
A91: Doctor Call | B91: 71 | C91: 5 | M91: 76 | N91: 1
A92: Doctor Denied | B92: 677 | C92: 1488 | D92: 560 | E92: 818 | F92: 527 | G92: 370 | H92: 1058 | I92: 750 | J92: 828 | K92: 519 | L92: 1 | M92: 7596 | N92: 0.29
A93: Doctor Research | B93: 164 | M93: 164 | N93: 1
A94: Fax Research | B94: 44 | C94: 3 | M94: 47 | N94: 1
A95: Patient Follow Up Call | B95: 622 | C95: 1727 | D95: 253 | E95: 685 | F95: 449 | G95: 396 | H95: 896 | I95: 611 | J95: 596 | K95: 388 | M95: 6623 | N95: 0.35
A96: Rework | B96: 69 | C96: 173 | D96: 5 | E96: 15 | F96: 4 | G96: 3 | M96: 269 | N96: 0.9
A97: Rx Chase | B97: 9226 | C97: 9212 | D97: 906 | E97: 1752 | F97: 2694 | G97: 3410 | H97: 290 | I97: 19 | J97: 17 | K97: 46 | M97: 27572 | N97: 0.67
A98: Grand Total | B98: 11089 | C98: 12612 | D98: 1748 | E98: 3275 | F98: 3704 | G98: 4179 | H98: 2244 | I98: 1380 | J98: 1441 | K98: 953 | L98: 1 | M98: 42626 | N98: 0.56
A100: Count of Days Grouping | B100: Column Labels
A101: Row Labels | B101: 3 or less | C101: 4 to 7 | D101: 7 to 10 | E101: 11 to 14 | F101: 15 to 21 | G101: 22 to 30 | H101: 31 to 60 | I101: 61 to 90 | J101: 91 to 120 | K101: 121 to 180 | L101: 181 plus | M101: Grand Total | N101: 45552
A102: Audit Only | B102: 9 | C102: 27 | D102: 4 | E102: 28 | F102: 24 | G102: 7 | M102: 99 | N102: 0.3636
A103: Benefit Verification | B103: 2 | M103: 2 | N103: 1
A104: Doctor Call | B104: 3 | C104: 76 | M104: 79 | N104: 1
A105: Doctor Denied | B105: 1492 | C105: 1124 | D105: 160 | E105: 743 | F105: 489 | G105: 395 | H105: 1032 | I105: 725 | J105: 841 | K105: 515 | L105: 1 | M105: 7517 | N105: 0.348
A106: Doctor Research | B106: 125 | C106: 1 | M106: 126 | N106: 1
...

Sheet reference
A1: KIm to update the assigned HC right after the planning call
A2: Weng to update the number of completes and actual RPH and actual log in hours
A6: Callshaper campaign | B6: CDP Team | C6: WORKFLOW | D6: Camp+Team | E6: PPH/RPH
A7: AH-AeroHeld-Aging-Prod | C7: Aging | D7: =_xlfn.TEXTJOIN("",TRUE,A7,B7) -> AH-AeroHeld-Aging-Prod | E7: RPH
A8: AH-SnapHeld-Aging-Prod | C8: Aging | D8: =_xlfn.TEXTJOIN("",TRUE,A8,B8) -> AH-SnapHeld-Aging-Prod | E8: RPH
A9: AH-AeroHeld-ARM-Prod | B9: AH-SnapHeld-FTP-Prod | C9: ARM | D9: =_xlfn.TEXTJOIN("",TRUE,A9,B9) -> AH-AeroHeld-ARM-ProdAH-SnapHeld-FTP-Prod | E9: RPH
A10: AH-SnapHeld-ARM-Prod | B10: AH-AeroHeld-FTP-Prod | C10: ARM | D10: =_xlfn.TEXTJOIN("",TRUE,A10,B10) -> AH-SnapHeld-ARM-ProdAH-AeroHeld-FTP-Prod | E10: RPH
A11: AH-AeroHeld-ARM-Prod | B11: AH-SnapHeld-Benver-Prod | C11: BenVer | D11: =_xlfn.TEXTJOIN("",TRUE,A11,B11) -> AH-AeroHeld-ARM-ProdAH-SnapHeld-Benver-Prod | E11: RPH
A12: AH-SnapHeld-ARM-Prod | B12: AH-AeroHeld-Benver-Prod | C12: BenVer | D12: =_xlfn.TEXTJOIN("",TRUE,A12,B12) -> AH-SnapHeld-ARM-ProdAH-AeroHeld-Benver-Prod | E12: RPH
A13: AH-SnapHeld-Special Project - Billable | B13: HBOSS BT Project-Blank Held | C13: Blank Held | D13: =_xlfn.TEXTJOIN("",TRUE,A13,B13) -> AH-SnapHeld-Special Project - BillableHBOSS BT Project-Blank Held | E13: RPH
A14: AH-AeroHeld-Fax Map-Prod | B14: CDT,AddDoctor,GS Escal | C14: CDT Review | D14: =_xlfn.TEXTJOIN("",TRUE,A14,B14) -> AH-AeroHeld-Fax Map-ProdCDT,AddDoctor,GS Escal | E14: PPH
A15: AH-SnapHeld-Special Project - NonBillable | B15: AH-SnapHeld-CS-Prod | C15: Confirmed Sales | D15: =_xlfn.TEXTJOIN("",TRUE,A15,B15) -> AH-SnapHeld-Special Project - NonBillableAH-SnapHeld-CS-Prod | E15: RPH
A16: AH-AeroHeld-Special Project - Billable | B16: AH-AeroHeld-CS-Prod | C16: Confirmed Sales | D16: =_xlfn.TEXTJOIN("",TRUE,A16,B16) -> AH-AeroHeld-Special Project - BillableAH-AeroHeld-CS-Prod | E16: RPH
A17: AH-SnapHeld-CommSurgDCAH-Prod | C17: DCAH | D17: =_xlfn.TEXTJOIN("",TRUE,A17,B17) -> AH-SnapHeld-CommSurgDCAH-Prod | E17: RPH
A18: AH-SnapHeld-DCAH-Prod | C18: DCAH | D18: =_xlfn.TEXTJOIN("",TRUE,A18,B18) -> AH-SnapHeld-DCAH-Prod | E18: RPH
A19: AH-AEROHeld-DCAH-Prod | C19: DCAH | D19: =_xlfn.TEXTJOIN("",TRUE,A19,B19) -> AH-AEROHeld-DCAH-Prod | E19: RPH
A20: AH-SnapHeld-DCScrubs-Prod | C20: DCAH Scrubs | D20: =_xlfn.TEXTJOIN("",TRUE,A20,B20) -> AH-SnapHeld-DCScrubs-Prod | E20: RPH
A21: AH-AEROHeld-DCScrubs-Prod | C21: DCAH Scrubs | D21: =_xlfn.TEXTJOIN("",TRUE,A21,B21) -> AH-AEROHeld-DCScrubs-Prod | E21: RPH
A22: HBOSS Portal Fax Mapping | B22: AH-SnapHeld-DM-Prod | C22: Doctor Match | D22: =_xlfn.TEXTJOIN("",TRUE,A22,B22) -> HBOSS Portal Fax MappingAH-SnapHeld-DM-Prod | E22: PPH
A23: AH-AeroHeld-Fax Map-Prod | B23: AH-AeroHeld-DM-Prod | C23: Doctor Match | D23: =_xlfn.TEXTJOIN("",TRUE,A23,B23) -> AH-AeroHeld-Fax Map-ProdAH-AeroHeld-DM-Prod | E23: PPH
A24: HBOSS Portal Doctor Research | C24: Doctor Research | D24: =_xlfn.TEXTJOIN("",TRUE,A24,B24) -> HBOSS Portal Doctor Research | E24: PPH
A25: AH-AeroHeld-DocRes-Prod | C25: Doctor Research | D25: =_xlfn.TEXTJOIN("",TRUE,A25,B25) -> AH-AeroHeld-DocRes-Prod | E25: RPH
A26: AH-SnapHeld-Edocument-Prod | C26: Edocument | D26: =_xlfn.TEXTJOIN("",TRUE,A26,B26) -> AH-SnapHeld-Edocument-Prod | E26: RPH
A27: AH-AeroHeld-Edocument-Prod | C27: Edocument | D27: =_xlfn.TEXTJOIN("",TRUE,A27,B27) -> AH-AeroHeld-Edocument-Prod | E27: RPH
A28: HBOSS Portal Fax Mapping | B28: AH-SNAPHELD-FM-PROD | C28: Fax Mapping | D28: =_xlfn.TEXTJOIN("",TRUE,A28,B28) -> HBOSS Portal Fax MappingAH-SNAPHELD-FM-PROD | E28: PPH
A29: HBOSS Portal Fax Mapping | B29: Diab FM | C29: Fax Mapping | D29: =_xlfn.TEXTJOIN("",TRUE,A29,B29) -> HBOSS Portal Fax MappingDiab FM | E29: PPH
A30: HBOSS Portal Fax Mapping | B30: AH DiabeticHeld-FaxMap-prod | C30: Fax Mapping | D30: =_xlfn.TEXTJOIN("",TRUE,A30,B30) -> HBOSS Portal Fax MappingAH DiabeticHeld-FaxMap-prod | E30: PPH
A31: AH-AeroHeld-Fax Map-Prod | B31: AH-AeroHeld-FM-Prod | C31: Fax Mapping | D31: =_xlfn.TEXTJOIN("",TRUE,A31,B31) -> AH-AeroHeld-Fax Map-ProdAH-AeroHeld-FM-Prod | E31: PPH
A32: HBOSS Portal Fax Research | B32: AH-SnapHeld-FaxRes-Prod | C32: Fax Research | D32: =_xlfn.TEXTJOIN("",TRUE,A32,B32) -> HBOSS Portal Fax ResearchAH-SnapHeld-FaxRes-Prod | E32: PPH
A33: HBOSS Portal Fax Mapping | B33: AH-SnapHeld-FaxRev-Prod | C33: Fax Review | D33: =_xlfn.TEXTJOIN("",TRUE,A33,B33) -> HBOSS Portal Fax MappingAH-SnapHeld-FaxRev-Prod | E33: PPH
A34: AH-SnapHeld-Special Project - Billable | B34: HBOSS BT Project-No Mask Revie | C34: No Mask | D34: =_xlfn.TEXTJOIN("",TRUE,A34,B34) -> AH-SnapHeld-Special Project - BillableHBOSS BT Project-No Mask Revie | E34: RPH
A35: AH-SnapHeld-PTCall-Prod | C35: PCAH | D35: =_xlfn.TEXTJOIN("",TRUE,A35,B35) -> AH-SnapHeld-PTCall-Prod | E35: RPH
A36: AH-AeroHeld-PTCall-Prod | C36: PCAH | D36: =_xlfn.TEXTJOIN("",TRUE,A36,B36) -> AH-AeroHeld-PTCall-Prod | E36: RPH
A37: AH-SnapHeld-CommSurgRewrk-Prod | C37: Rework | D37: =_xlfn.TEXTJOIN("",TRUE,A37,B37) -> AH-SnapHeld-CommSurgRewrk-Prod | E37: RPH
A38: AH-SnapHeld-Rework-Prod | C38: Rework | D38: =_xlfn.TEXTJOIN("",TRUE,A38,B38) -> AH-SnapHeld-Rework-Prod | E38: RPH
A39: AH-AeroHeld-Rework-Prod | C39: Rework | D39: =_xlfn.TEXTJOIN("",TRUE,A39,B39) -> AH-AeroHeld-Rework-Prod | E39: RPH
A40: AH-SnapHeld-Special Project - Billable | B40: Tricare East RX Review | C40: Tricare East RX Review | D40: =_xlfn.TEXTJOIN("",TRUE,A40,B40) -> AH-SnapHeld-Special Project - BillableTricare East RX Review | E40: RPH
A41: AH-SnapHeld-Special Project - Billable | B41: HBOSS BT Project - UHC | C41: UHC Special Project | D41: =_xlfn.TEXTJOIN("",TRUE,A41,B41) -> AH-SnapHeld-Special Project - BillableHBOSS BT Project - UHC | E41: RPH
A42: AH-SnapHeld-Special Project - Billable | B42: VA MEDICAID HELD | C42: VA Medicaid | D42: =_xlfn.TEXTJOIN("",TRUE,A42,B42) -> AH-SnapHeld-Special Project - BillableVA MEDICAID HELD | E42: RPH
A43: AH-SnapHeld-VSA-Prod | C43: VSA | D43: =_xlfn.TEXTJOIN("",TRUE,A43,B43) -> AH-SnapHeld-VSA-Prod | E43: RPH
A44: AH-AEROHeld-VSA-Prod | C44: VSA | D44: =_xlfn.TEXTJOIN("",TRUE,A44,B44) -> AH-AEROHeld-VSA-Prod | E44: RPH
A45: AH-AeroHeld-Special Project - NonBillable | D45: =_xlfn.TEXTJOIN("",TRUE,A45,B45) -> AH-AeroHeld-Special Project - NonBillable | E45: RPH
A46: AH-AeroHeld-Nonbill | D46: =_xlfn.TEXTJOIN("",TRUE,A46,B46) -> AH-AeroHeld-Nonbill
A47: AH-SnapHeld-Special Project - Billable | B47: AH SNAPHELD - SP Team | D47: =_xlfn.TEXTJOIN("",TRUE,A47,B47) -> AH-SnapHeld-Special Project - BillableAH SNAPHELD - SP Team | E47: RPH

Sheet Team Report
A1: Team | B1: Agent | C1: Agent Email | D1: Calls | E1: Calls/Hr | F1: Talk | G1: Wrap Up | H1: Conv | I1: Conv % | J1: Conv/Hr | K1: Points | L1: Points/Hr | M1: Logged In | N1: Eff % | O1: AAT | P1: AHT | Q1: ATT | R1: AWT | S1: Administrative | T1: Break | U1: Coaching | V1: Unavailable | W1: QA Score | X1: Scorecards | Y1: Passed | Z1: Auto Fails | AA1: Holds | AB1: Hold | AC1: Hold/Call | AD1: Rings Tot | AE1: Rings Ans | AF1: Rings Decl | AG1: Rings Timeout | AH1: Rings Miss | AI1: Rings Aban | AJ1: Site | AK1: AgentName | AL1: Campaign2 | AM1: Camp+Team | AN1: Workflow
A2: AH DiabeticHeld-FaxMap-prod | B2: BCD Jeshurun Corpus | C2: jeshurun.corpus@company.com | D2: 9 | E2: 2.7761498 | F2: 0.0336 | G2: 0.012777778 | H2: 9 | I2: 1 | J2: 2.7761498 | K2: 89 | L2: 27.453037 | M2: 3.2419 | N2: 0.010364293 | O2: 21:11 | P2: 0:18 | Q2: 0:13 | R2: 0:05 | S2: 0:00 | T2: 0:00 | U2: 0:00 | V2: 0:00 | W2: 0 | X2: 0 | Y2: 0 | Z2: 0 | AA2: 0 | AB2: 0:00 | AC2: 0:00 | AD2: 0 | AE2: 0 | AF2: 0 | AG2: 0 | AH2: 0 | AI2: 0 | AJ2: =LEFT(B2,3) -> BCD | AK2: =TRIM(RIGHT(B2, LEN(B2)-3)) -> Jeshurun Corpus | AL2: =_xlfn.XLOOKUP(Team_Report[[#This Row],[Team]],reference!B:B,reference!A:A) -> HBOSS Portal Fax Mapping | AM2: =_xlfn.CONCAT(AL2,A2) -> HBOSS Portal Fax MappingAH DiabeticHeld-FaxMap-prod | AN2: =IFERROR(_xlfn.XLOOKUP(Team_Report[[#This Row],[Camp+Team]],reference!D:D,reference!C:C),"") -> Fax Mapping
A3: AH DiabeticHeld-FaxMap-prod | B3: BCD Gabrielle Angela Alcala | C3: gabrielle.alcala@company.com | D3: 6 | E3: 1.508599 | F3: 0.0336 | G3: 0.075 | H3: 6 | I3: 1 | J3: 1.508599 | K3: 57 | L3: 14.331691 | M3: 3.9772 | N3: 0.0084481545 | O3: 38:31 | P3: 1:05 | Q3: 0:20 | R3: 0:45 | S3: 0:00 | T3: 0:00 | U3: 0:00 | V3: 0:00 | W3: 0 | X3: 0 | Y3: 0 | Z3: 0 | AA3: 0 | AB3: 0:00 | AC3: 0:00 | AD3: 0 | AE3: 0 | AF3: 0 | AG3: 0 | AH3: 0 | AI3: 0 | AJ3: =LEFT(B3,3) -> BCD | AK3: =TRIM(RIGHT(B3, LEN(B3)-3)) -> Gabrielle Angela Alcala | AL3: =_xlfn.XLOOKUP(Team_Report[[#This Row],[Team]],reference!B:B,reference!A:A) -> HBOSS Portal Fax Mapping | AM3: =_xlfn.CONCAT(AL3,A3) -> HBOSS Portal Fax MappingAH DiabeticHeld-FaxMap-prod | AN3: =IFERROR(_xlfn.XLOOKUP(Team_Report[[#This Row],[Camp+Team]],reference!D:D,reference!C:C),"") -> Fax Mapping
A4: AH DiabeticHeld-FaxMap-prod | B4: BCD Julius Canasares | C4: julius.canasares@company.com | D4: 2 | E4: 0.65359477 | F4: 0.0031 | G4: 0.010833333 | H4: 2 | I4: 1 | J4: 0.65359477 | K4: 19 | L4: 6.2091503 | M4: 3.06 | N4: 0.0010130719 | O4: 70:57 | P4: 0:25 | Q4: 0:05 | R4: 0:19 | S4: 0:00 | T4: 0:04 | U4: 0:00 | V4: 0:00 | W4: 0 | X4: 0 | Y4: 0 | Z4: 0 | AA4: 0 | AB4: 0:00 | AC4: 0:00 | AD4: 0 | AE4: 0 | AF4: 0 | AG4: 0 | AH4: 0 | AI4: 0 | AJ4: =LEFT(B4,3) -> BCD | AK4: =TRIM(RIGHT(B4, LEN(B4)-3)) -> Julius Canasares | AL4: =_xlfn.XLOOKUP(Team_Report[[#This Row],[Team]],reference!B:B,reference!A:A) -> HBOSS Portal Fax Mapping | AM4: =_xlfn.CONCAT(AL4,A4) -> HBOSS Portal Fax MappingAH DiabeticHeld-FaxMap-prod | AN4: =IFERROR(_xlfn.XLOOKUP(Team_Report[[#This Row],[Camp+Team]],reference!D:D,reference!C:C),"") -> Fax Mapping
A5: AH DiabeticHeld-FaxMap-prod | B5: BCD Maria Amalia Endrinal | C5: maria.endrinal@company.com | D5: 7 | E5: 2.1116139 | F5: 0.0247 | G5: 0.011666667 | H5: 7 | I5: 1 | J5: 2.1116139 | K5: 36 | L5: 10.859729 | M5: 3.315 | N5: 0.0074509804 | O5: 27:58 | P5: 0:18 | Q5: 0:12 | R5: 0:06 | S5: 0:00 | T5: 36:04 | U5: 0:00 | V5: 0:00 | W5: 0 | X5: 0 | Y5: 0 | Z5: 0 | AA5: 0 | AB5: 0:00 | AC5: 0:00 | AD5: 0 | AE5: 0 | AF5: 0 | AG5: 0 | AH5: 0 | AI5: 0 | AJ5: =LEFT(B5,3) -> BCD | AK5: =TRIM(RIGHT(B5, LEN(B5)-3)) -> Maria Amalia Endrinal | AL5: =_xlfn.XLOOKUP(Team_Report[[#This Row],[Team]],reference!B:B,reference!A:A) -> HBOSS Portal Fax Mapping | AM5: =_xlfn.CONCAT(AL5,A5) -> HBOSS Portal Fax MappingAH DiabeticHeld-FaxMap-prod | AN5: =IFERROR(_xlfn.XLOOKUP(Team_Report[[#This Row],[Camp+Team]],reference!D:D,reference!C:C),"") -> Fax Mapping
A6: AH DiabeticHeld-FaxMap-prod | B6: BTG Jairo Enriquez | C6: jairo.enriquez@company.com | D6: 0 | E6: 0 | F6: 0 | G6: 0 | H6: 0 | I6: 0 | J6: 0 | K6: 0 | L6: 0 | M6: 1.7894 | N6: 0 | O6: 0:00 | P6: 0:00 | Q6: 0:00 | R6: 0:00 | S6: 0:00 | T6: 0:00 | U6: 0:00 | V6: 0:00 | W6: 0 | X6: 0 | Y6: 0 | Z6: 0 | AA6: 0 | AB6: 0:00 | AC6: 0:00 | AD6: 0 | AE6: 0 | AF6: 0 | AG6: 0 | AH6: 0 | AI6: 0 | AJ6: =LEFT(B6,3) -> BTG | AK6: =TRIM(RIGHT(B6, LEN(B6)-3)) -> Jairo Enriquez | AL6: =_xlfn.XLOOKUP(Team_Report[[#This Row],[Team]],reference!B:B,reference!A:A) -> HBOSS Portal Fax Mapping | AM6: =_xlfn.CONCAT(AL6,A6) -> HBOSS Portal Fax MappingAH DiabeticHeld-FaxMap-prod | AN6: =IFERROR(_xlfn.XLOOKUP(Team_Report[[#This Row],[Camp+Team]],reference!D:D,reference!C:C),"") -> Fax Mapping
A7: AH DiabeticHeld-FaxMap-prod | B7: BTG Aldrin Toledo | C7: aldrin.toledo@company.com | D7: 4 | E7: 2.3860654 | F7: 0.0231 | G7: 0.0072222222 | H7: 4 | I7: 1 | J7: 2.3860654 | K7: 4 | L7: 2.3860654 | M7: 1.6764 | N7: 0.013779528 | O7: 24:27 | P7: 0:27 | Q7: 0:20 | R7: 0:06 | S7: 0:00 | T7: 0:00 | U7: 0:00 | V7: 0:00 | W7: 0 | X7: 0 | Y7: 0 | Z7: 0 | AA7: 0 | AB7: 0:00 | AC7: 0:00 | AD7: 0 | AE7: 0 | AF7: 0 | AG7: 0 | AH7: 0 | AI7: 0 | AJ7: =LEFT(B7,3) -> BTG | AK7: =TRIM(RIGHT(B7, LEN(B7)-3)) -> Aldrin Toledo | AL7: =_xlfn.XLOOKUP(Team_Report[[#This Row],[Team]],reference!B:B,reference!A:A) -> HBOSS Portal Fax Mapping | AM7: =_xlfn.CONCAT(AL7,A7) -> HBOSS Portal Fax MappingAH DiabeticHeld-FaxMap-prod | AN7: =IFERROR(_xlfn.XLOOKUP(Team_Report[[#This Row],[Camp+Team]],reference!D:D,reference!C:C),"") -> Fax Mapping
A8: AH DiabeticHeld-FaxMap-prod | B8: BTG Bemilyn Vinas | C8: bemilyn.vinas@company.com | D8: 1 | E8: 0.58630394 | F8: 0.0158 | G8: 0.0013888889 | H8: 1 | I8: 1 | J8: 0.58630394 | K8: 5 | L8: 2.9315197 | M8: 1.7056 | N8: 0.0092636023 | O8: 100:34 | P8: 1:02 | Q8: 0:57 | R8: 0:05 | S8: 0:00 | T8: 0:00 | U8: 0:00 | V8: 0:00 | W8: 0 | X8: 0 | Y8: 0 | Z8: 0 | AA8: 0 | AB8: 0:00 | AC8: 0:00 | AD8: 0 | AE8: 0 | AF8: 0 | AG8: 0 | AH8: 0 | AI8: 0 | AJ8: =LEFT(B8,3) -> BTG | AK8: =TRIM(RIGHT(B8, LEN(B8)-3)) -> Bemilyn Vinas | AL8: =_xlfn.XLOOKUP(Team_Report[[#This Row],[Team]],reference!B:B,reference!A:A) -> HBOSS Portal Fax Mapping | AM8: =_xlfn.CONCAT(AL8,A8) -> HBOSS Portal Fax MappingAH DiabeticHeld-FaxMap-prod | AN8: =IFERROR(_xlfn.XLOOKUP(Team_Report[[#This Row],[Camp+Team]],reference!D:D,reference!C:C),"") -> Fax Mapping
A9: AH DiabeticHeld-FaxMap-prod | B9: BTG Darwin Llanto | C9: darwin.llanto@company.com | D9: 1 | E9: 0.58699225 | F9: 0.0303 | G9: 0.0022222222 | H9: 1 | I9: 1 | J9: 0.58699225 | K9: 10 | L9: 5.8699225 | M9: 1.7036 | N9: 0.017785865 | O9: 99:43 | P9: 1:57 | Q9: 1:49 | R9: 0:08 | S9: 0:00 | T9: 0:00 | U9: 0:00 | V9: 0:00 | W9: 0 | X9: 0 | Y9: 0 | Z9: 0 | AA9: 0 | AB9: 0:00 | AC9: 0:00 | AD9: 0 | AE9: 0 | AF9: 0 | AG9: 0 | AH9: 0 | AI9: 0 | AJ9: =LEFT(B9,3) -> BTG | AK9: =TRIM(RIGHT(B9, LEN(B9)-3)) -> Darwin Llanto | AL9: =_xlfn.XLOOKUP(Team_Report[[#This Row],[Team]],reference!B:B,reference!A:A) -> HBOSS Portal Fax Mapping | AM9: =_xlfn.CONCAT(AL9,A9) -> HBOSS Portal Fax MappingAH DiabeticHeld-FaxMap-prod | AN9: =IFERROR(_xlfn.XLOOKUP(Team_Report[[#This Row],[Camp+Team]],reference!D:D,reference!C:C),"") -> Fax Mapping
A10: AH DiabeticHeld-FaxMap-prod | B10: BTG Daryl Baque | C10: daryl.baque@company.com | D10: 2 | E10: 2.7262814 | F10: 0.0236 | G10: 0.0027777778 | H10: 2 | I10: 1 | J10: 2.7262814 | K10: 10 | L10: 13.631407 | M10: 0.7336 | N10: 0.03217012 | O10: 21:06 | P10: 0:47 | Q10: 0:42 | R10: 0:05 | S10: 0:00 | T10: 0:00 | U10: 0:00 | V10: 0:00 | W10: 0 | X10: 0 | Y10: 0 | Z10: 0 | AA10: 0 | AB10: 0:00 | AC10: 0:00 | AD10: 0 | AE10: 0 | AF10: 0 | AG10: 0 | AH10: 0 | AI10: 0 | AJ10: =LEFT(B10,3) -> BTG | AK10: =TRIM(RIGHT(B10, LEN(B10)-3)) -> Daryl Baque | AL10: =_xlfn.XLOOKUP(Team_Report[[#This Row],[Team]],reference!B:B,reference!A:A) -> HBOSS Portal Fax Mapping | AM10: =_xlfn.CONCAT(AL10,A10) -> HBOSS Portal Fax MappingAH DiabeticHeld-FaxMap-prod | AN10: =IFERROR(_xlfn.XLOOKUP(Team_Report[[#This Row],[Camp+Team]],reference!D:D,reference!C:C),"") -> Fax Mapping
A11: AH DiabeticHeld-FaxMap-prod | B11: BTG Edgardo Pasahol | C11: edgardo.pasahol@company.com | D11: 5 | E11: 3.0010203 | F11: 0.0369 | G11: 0.0030555556 | H11: 5 | I11: 1 | J11: 3.0010203 | K11: 5 | L11: 3.0010203 | M11: 1.6661 | N11: 0.02214753 | O11: 19:19 | P11: 0:28 | Q11: 0:26 | R11: 0:02 | S11: 0:00 | T11: 0:00 | U11: 0:00 | V11: 0:00 | W11: 0 | X11: 0 | Y11: 0 | Z11: 0 | AA11: 0 | AB11: 0:00 | AC11: 0:00 | AD11: 0 | AE11: 0 | AF11: 0 | AG11: 0 | AH11: 0 | AI11: 0 | AJ11: =LEFT(B11,3) -> BTG | AK11: =TRIM(RIGHT(B11, LEN(B11)-3)) -> Edgardo Pasahol | AL11: =_xlfn.XLOOKUP(Team_Report[[#This Row],[Team]],reference!B:B,reference!A:A) -> HBOSS Portal Fax Mapping | AM11: =_xlfn.CONCAT(AL11,A11) -> HBOSS Portal Fax MappingAH DiabeticHeld-FaxMap-prod | AN11: =IFERROR(_xlfn.XLOOKUP(Team_Report[[#This Row],[Camp+Team]],reference!D:D,reference!C:C),"") -> Fax Mapping
A12: AH DiabeticHeld-FaxMap-prod | B12: BTG Faith Larissa Montablan | C12: faith.montablan@company.com | D12: 7 | E12: 5.9813723 | F12: 0.0833 | G12: 0.0058333333 | H12: 7 | I12: 1 | J12: 5.9813723 | K12: 7 | L12: 5.9813723 | M12: 1.1703 | N12: 0.07117833 | O12: 9:04 | P12: 0:45 | Q12: 0:42 | R12: 0:03 | S12: 0:00 | T12: 0:52 | U12: 0:00 | V12: 0:00 | W12: 0 | X12: 0 | Y12: 0 | Z12: 0 | AA12: 0 | AB12: 0:00 | AC12: 0:00 | AD12: 0 | AE12: 0 | AF12: 0 | AG12: 0 | AH12: 0 | AI12: 0 | AJ12: =LEFT(B12,3) -> BTG | AK12: =TRIM(RIGHT(B12, LEN(B12)-3)) -> Faith Larissa Montablan | AL12: =_xlfn.XLOOKUP(Team_Report[[#This Row],[Team]],reference!B:B,reference!A:A) -> HBOSS Portal Fax Mapping | AM12: =_xlfn.CONCAT(AL12,A12) -> HBOSS Portal Fax MappingAH DiabeticHeld-FaxMap-prod | AN12: =IFERROR(_xlfn.XLOOKUP(Team_Report[[#This Row],[Camp+Team]],reference!D:D,reference!C:C),"") -> Fax Mapping
A13: AH DiabeticHeld-FaxMap-prod | B13: BTG Ian James Ricero | C13: ian.ricero@company.com | D13: 3 | E13: 1.7241379 | F13: 0.0664 | G13: 0.0013888889 | H13: 3 | I13: 1 | J13: 1.7241379 | K13: 43 | L13: 24.712644 | M13: 1.74 | N13: 0.03816092 | O13: 33:16 | P13: 1:21 | Q13: 1:19 | R13: 0:01 | S13: 0:00 | T13: 0:00 | U13: 0:00 | V13: 0:00 | W13: 0 | X13: 0 | Y13: 0 | Z13: 0 | AA13: 0 | AB13: 0:00 | AC13: 0:00 | AD13: 0 | AE13: 0 | AF13: 0 | AG13: 0 | AH13: 0 | AI13: 0 | AJ13: =LEFT(B13,3) -> BTG | AK13: =TRIM(RIGHT(B13, LEN(B13)-3)) -> Ian James Ricero | AL13: =_xlfn.XLOOKUP(Team_Report[[#This Row],[Team]],reference!B:B,reference!A:A) -> HBOSS Portal Fax Mapping | AM13: =_xlfn.CONCAT(AL13,A13) -> HBOSS Portal Fax MappingAH DiabeticHeld-FaxMap-prod | AN13: =IFERROR(_xlfn.XLOOKUP(Team_Report[[#This Row],[Camp+Team]],reference!D:D,reference!C:C),"") -> Fax Mapping
... A61: HBOSS BT Project-Blank Held | B61: BCD Ron Jacob Balquin | C61: jacob.balquin@company.com | D61: 38 | E61: 9.6623271 | F61: 0.7597 | G61: 0.077777778 | H61: 31 | I61: 0.81578947 | J61: 7.8824247 | K61: 31 | L61: 7.8824247 | M61: 3.9328 | N61: 0.19317026 | O61: 4:47 | P61: 1:19 | Q61: 1:11 | R61: 0:07 | S61: 0:00 | T61: 0:00 | U61: 0:00 | V61: 0:00 | W61: 0 | X61: 0 | Y61: 0 | Z61: 0 | AA61: 0 | AB61: 0:00 | AC61: 0:00 | AD61: 0 | AE61: 0 | AF61: 0 | AG61: 0 | AH61: 0 | AI61: 0 | AJ61: =LEFT(B61,3) -> BCD | AK61: =TRIM(RIGHT(B61, LEN(B61)-3)) -> Ron Jacob Balquin | AL61: =_xlfn.XLOOKUP(Team_Report[[#This Row],[Team]],reference!B:B,reference!A:A) -> AH-SnapHeld-Special Project - Billable | AM61: =_xlfn.CONCAT(AL61,A61) -> AH-SnapHeld-Special Project - BillableHBOSS BT Project-Blank Held | AN61: =IFERROR(_xlfn.XLOOKUP(Team_Report[[#This Row],[Camp+Team]],reference!D:D,reference!C:C),"") -> Blank Held

Sheet Campaign Report
A1: Campaign | B1: Agent | C1: Agent Email | D1: Calls | E1: Calls/Hr | F1: Talk | G1: Wrap Up | H1: Conv | I1: Conv % | J1: Conv/Hr | K1: Points | L1: Points/Hr | M1: Logged In | N1: Eff % | O1: AAT | P1: AHT | Q1: ATT | R1: AWT | S1: Administrative | T1: Break | U1: Coaching | V1: Unavailable | W1: QA Score | X1: Scorecards | Y1: Passed | Z1: Auto Fails | AA1: Holds | AB1: Hold | AC1: Hold/Call | AD1: Rings Tot | AE1: Rings Ans | AF1: Rings Decl | AG1: Rings Timeout | AH1: Rings Miss | AI1: Rings Aban | AJ1: Site | AK1: AgentName | AL1: CampMatch | AM1: Workflow
A2: AH-SnapHeld-Aging-Prod | B2: BCD Geron Poda | C2: geron.poda@company.com | D2: 54 | E2: 16.110266 | F2: 0.1244 | G2: 0.22416667 | H2: 12 | I2: 0.22222222 | J2: 3.5800591 | K2: 12 | L2: 3.5800591 | M2: 3.3519 | N2: 0.037113279 | O2: 0:02 | P2: 0:23 | Q2: 0:08 | R2: 0:14 | S2: 0:00 | T2: 40:01 | U2: 0:00 | V2: 0:00 | W2: 0 | X2: 0 | Y2: 0 | Z2: 0 | AA2: 0 | AB2: 0:00 | AC2: 0:00 | AD2: 0 | AE2: 0 | AF2: 0 | AG2: 0 | AH2: 0 | AI2: 0 | AJ2: =LEFT(B2,3) -> BCD | AK2: =TRIM(RIGHT(B2, LEN(B2)-3)) -> Geron Poda | AL2: =_xlfn.XLOOKUP(A2,reference!A:A,reference!D:D) -> AH-SnapHeld-Aging-Prod | AM2: =IF(A2="AH-SnapHeld-Special Project - B",_xlfn.XLOOKUP(AK2,BP:BP,BO:BO),IF(_xlfn.XLOOKUP(AL2,reference!D:D,reference!C:C)=0,"",_xlfn.XLOOKUP(AL2,reference!D:D,reference!C:C))) -> Aging
A3: AH-SnapHeld-Aging-Prod | B3: BTG Airel Tumambing | C3: airel.tumambing@company.com | D3: 32 | E3: 12.006153 | F3: 0.5403 | G3: 0.055833333 | H3: 8 | I3: 0.25 | J3: 3.0015383 | K3: 8 | L3: 3.0015383 | M3: 2.6653 | N3: 0.20271639 | O3: 0:03 | P3: 1:07 | Q3: 1:00 | R3: 0:06 | S3: 0:00 | T3: 30:18 | U3: 0:00 | V3: 0:00 | W3: 0 | X3: 0 | Y3: 0 | Z3: 0 | AA3: 0 | AB3: 0:00 | AC3: 0:00 | AD3: 0 | AE3: 0 | AF3: 0 | AG3: 0 | AH3: 0 | AI3: 0 | AJ3: =LEFT(B3,3) -> BTG | AK3: =TRIM(RIGHT(B3, LEN(B3)-3)) -> Airel Tumambing | AL3: =_xlfn.XLOOKUP(A3,reference!A:A,reference!D:D) -> AH-SnapHeld-Aging-Prod | AM3: =IF(A3="AH-SnapHeld-Special Project - B",_xlfn.XLOOKUP(AK3,BP:BP,BO:BO),IF(_xlfn.XLOOKUP(AL3,reference!D:D,reference!C:C)=0,"",_xlfn.XLOOKUP(AL3,reference!D:D,reference!C:C))) -> Aging
A4: AH-SnapHeld-Aging-Prod | B4: ILO Shara Marie Baler | C4: shara.baler@company.com | D4: 53 | E4: 16.982825 | F4: 0.6153 | G4: 0.28416667 | H4: 9 | I4: 0.16981132 | J4: 2.8838759 | K4: 9 | L4: 2.8838759 | M4: 3.1208 | N4: 0.19716098 | O4: 0:01 | P4: 1:01 | Q4: 0:41 | R4: 0:19 | S4: 0:00 | T4: 54:38 | U4: 0:00 | V4: 0:00 | W4: 0 | X4: 0 | Y4: 0 | Z4: 0 | AA4: 0 | AB4: 0:00 | AC4: 0:00 | AD4: 0 | AE4: 0 | AF4: 0 | AG4: 0 | AH4: 0 | AI4: 0 | AJ4: =LEFT(B4,3) -> ILO | AK4: =TRIM(RIGHT(B4, LEN(B4)-3)) -> Shara Marie Baler | AL4: =_xlfn.XLOOKUP(A4,reference!A:A,reference!D:D) -> AH-SnapHeld-Aging-Prod | AM4: =IF(A4="AH-SnapHeld-Special Project - B",_xlfn.XLOOKUP(AK4,BP:BP,BO:BO),IF(_xlfn.XLOOKUP(AL4,reference!D:D,reference!C:C)=0,"",_xlfn.XLOOKUP(AL4,reference!D:D,reference!C:C))) -> Aging
A5: AH-SnapHeld-ARM-Prod | B5: ILO Arabella Joy Borromeo | C5: arabella.borromeo@company.com | D5: 22 | E5: 11.407238 | F5: 0.5186 | G5: 1.1016667 | H5: 7 | I5: 0.31818182 | J5: 3.6295759 | K5: 7 | L5: 3.6295759 | M5: 1.9286 | N5: 0.26889972 | O5: 0:01 | P5: 4:25 | Q5: 1:24 | R5: 3:00 | S5: 0:00 | T5: 0:00 | U5: 0:00 | V5: 0:00 | W5: 0 | X5: 0 | Y5: 0 | Z5: 0 | AA5: 0 | AB5: 0:00 | AC5: 0:00 | AD5: 0 | AE5: 0 | AF5: 0 | AG5: 0 | AH5: 0 | AI5: 0 | AJ5: =LEFT(B5,3) -> ILO | AK5: =TRIM(RIGHT(B5, LEN(B5)-3)) -> Arabella Joy Borromeo | AL5: =_xlfn.XLOOKUP(A5,reference!A:A,reference!D:D) -> AH-SnapHeld-ARM-ProdAH-AeroHeld-FTP-Prod | AM5: =IF(A5="AH-SnapHeld-Special Project - B",_xlfn.XLOOKUP(AK5,BP:BP,BO:BO),IF(_xlfn.XLOOKUP(AL5,reference!D:D,reference!C:C)=0,"",_xlfn.XLOOKUP(AL5,reference!D:D,reference!C:C))) -> ARM
A6: AH-SnapHeld-ARM-Prod | B6: ILO Cherryl Rose Gabinera | C6: cherryl.gabinera@company.com | D6: 24 | E6: 10.523546 | F6: 1.7442 | G6: 0.10111111 | H6: 1 | I6: 0.041666667 | J6: 0.4384811 | K6: 1 | L6: 0.4384811 | M6: 2.2806 | N6: 0.76479874 | O6: 0:01 | P6: 4:36 | Q6: 4:21 | R6: 0:15 | S6: 0:00 | T6: 52:16 | U6: 0:00 | V6: 0:00 | W6: 0 | X6: 0 | Y6: 0 | Z6: 0 | AA6: 0 | AB6: 0:00 | AC6: 0:00 | AD6: 0 | AE6: 0 | AF6: 0 | AG6: 0 | AH6: 0 | AI6: 0 | AJ6: =LEFT(B6,3) -> ILO | AK6: =TRIM(RIGHT(B6, LEN(B6)-3)) -> Cherryl Rose Gabinera | AL6: =_xlfn.XLOOKUP(A6,reference!A:A,reference!D:D) -> AH-SnapHeld-ARM-ProdAH-AeroHeld-FTP-Prod | AM6: =IF(A6="AH-SnapHeld-Special Project - B",_xlfn.XLOOKUP(AK6,BP:BP,BO:BO),IF(_xlfn.XLOOKUP(AL6,reference!D:D,reference!C:C)=0,"",_xlfn.XLOOKUP(AL6,reference!D:D,reference!C:C))) -> ARM
A7: AH-SnapHeld-ARM-Prod | B7: ILO Geric Perlas | C7: geric.perlas@company.com | D7: 25 | E7: 11.319388 | F7: 1.88 | G7: 0.049166667 | H7: 2 | I7: 0.08 | J7: 0.90555103 | K7: 2 | L7: 0.90555103 | M7: 2.2086 | N7: 0.85121797 | O7: 0:01 | P7: 4:37 | Q7: 4:30 | R7: 0:07 | S7: 0:00 | T7: 52:43 | U7: 0:00 | V7: 0:00 | W7: 0 | X7: 0 | Y7: 0 | Z7: 0 | AA7: 0 | AB7: 0:00 | AC7: 0:00 | AD7: 0 | AE7: 0 | AF7: 0 | AG7: 0 | AH7: 0 | AI7: 0 | AJ7: =LEFT(B7,3) -> ILO | AK7: =TRIM(RIGHT(B7, LEN(B7)-3)) -> Geric Perlas | AL7: =_xlfn.XLOOKUP(A7,reference!A:A,reference!D:D) -> AH-SnapHeld-ARM-ProdAH-AeroHeld-FTP-Prod | AM7: =IF(A7="AH-SnapHeld-Special Project - B",_xlfn.XLOOKUP(AK7,BP:BP,BO:BO),IF(_xlfn.XLOOKUP(AL7,reference!D:D,reference!C:C)=0,"",_xlfn.XLOOKUP(AL7,reference!D:D,reference!C:C))) -> ARM
A8: AH-SnapHeld-ARM-Prod | B8: ILO Kaixen Gail Arceta | C8: kaixen.arceta@company.com | D8: 20 | E8: 12.286522 | F8: 1.2297 | G8: 0.29472222 | H8: 6 | I8: 0.3 | J8: 3.6859565 | K8: 6 | L8: 3.6859565 | M8: 1.6278 | N8: 0.75543679 | O8: 0:00 | P8: 4:34 | Q8: 3:41 | R8: 0:53 | S8: 0:00 | T8: 0:00 | U8: 0:00 | V8: 0:00 | W8: 0 | X8: 0 | Y8: 0 | Z8: 0 | AA8: 0 | AB8: 0:00 | AC8: 0:00 | AD8: 0 | AE8: 0 | AF8: 0 | AG8: 0 | AH8: 0 | AI8: 0 | AJ8: =LEFT(B8,3) -> ILO | AK8: =TRIM(RIGHT(B8, LEN(B8)-3)) -> Kaixen Gail Arceta | AL8: =_xlfn.XLOOKUP(A8,reference!A:A,reference!D:D) -> AH-SnapHeld-ARM-ProdAH-AeroHeld-FTP-Prod | AM8: =IF(A8="AH-SnapHeld-Special Project - B",_xlfn.XLOOKUP(AK8,BP:BP,BO:BO),IF(_xlfn.XLOOKUP(AL8,reference!D:D,reference!C:C)=0,"",_xlfn.XLOOKUP(AL8,reference!D:D,reference!C:C))) -> ARM
A9: AH-SnapHeld-ARM-Prod | B9: ILO Reynald Jomadiao | C9: reynald.jomadiao@company.com | D9: 70 | E9: 25.333864 | F9: 2.295 | G9: 0.13277778 | H9: 8 | I9: 0.11428571 | J9: 2.8952988 | K9: 8 | L9: 2.8952988 | M9: 2.7631 | N9: 0.83058883 | O9: 0:00 | P9: 2:04 | Q9: 1:58 | R9: 0:06 | S9: 0:00 | T9: 46:40 | U9: 0:00 | V9: 0:00 | W9: 0 | X9: 0 | Y9: 0 | Z9: 0 | AA9: 0 | AB9: 0:00 | AC9: 0:00 | AD9: 0 | AE9: 0 | AF9: 0 | AG9: 0 | AH9: 0 | AI9: 0 | AJ9: =LEFT(B9,3) -> ILO | AK9: =TRIM(RIGHT(B9, LEN(B9)-3)) -> Reynald Jomadiao | AL9: =_xlfn.XLOOKUP(A9,reference!A:A,reference!D:D) -> AH-SnapHeld-ARM-ProdAH-AeroHeld-FTP-Prod | AM9: =IF(A9="AH-SnapHeld-Special Project - B",_xlfn.XLOOKUP(AK9,BP:BP,BO:BO),IF(_xlfn.XLOOKUP(AL9,reference!D:D,reference!C:C)=0,"",_xlfn.XLOOKUP(AL9,reference!D:D,reference!C:C))) -> ARM
A10: AH-SnapHeld-ARM-Prod | B10: ILO Aliyaah Bianca Candoleza | C10: aliyaah.candoleza@company.com | D10: 39 | E10: 15.209422 | F10: 1.8022 | G10: 0.11805556 | H10: 0 | I10: 0 | J10: 0 | K10: 0 | L10: 0 | M10: 2.5642 | N10: 0.70283129 | O10: 0:01 | P10: 2:57 | Q10: 2:46 | R10: 0:10 | S10: 0:00 | T10: 36:32 | U10: 0:00 | V10: 0:00 | W10: 0 | X10: 0 | Y10: 0 | Z10: 0 | AA10: 0 | AB10: 0:00 | AC10: 0:00 | AD10: 0 | AE10: 0 | AF10: 0 | AG10: 0 | AH10: 0 | AI10: 0 | AJ10: =LEFT(B10,3) -> ILO | AK10: =TRIM(RIGHT(B10, LEN(B10)-3)) -> Aliyaah Bianca Candoleza | AL10: =_xlfn.XLOOKUP(A10,reference!A:A,reference!D:D) -> AH-SnapHeld-ARM-ProdAH-AeroHeld-FTP-Prod | AM10: =IF(A10="AH-SnapHeld-Special Project - B",_xlfn.XLOOKUP(AK10,BP:BP,BO:BO),IF(_xlfn.XLOOKUP(AL10,reference!D:D,reference!C:C)=0,"",_xlfn.XLOOKUP(AL10,reference!D:D,reference!C:C))) -> ARM
A11: AH-SnapHeld-ARM-Prod | B11: ILO Deimple Jolo | C11: deimple.jolo@company.com | D11: 39 | E11: 15.206457 | F11: 1.9094 | G11: 0.16111111 | H11: 0 | I11: 0 | J11: 0 | K11: 0 | L11: 0 | M11: 2.5647 | N11: 0.74449253 | O11: 0:00 | P11: 3:11 | Q11: 2:56 | R11: 0:14 | S11: 0:00 | T11: 27:44 | U11: 0:00 | V11: 0:00 | W11: 0 | X11: 0 | Y11: 0 | Z11: 0 | AA11: 0 | AB11: 0:00 | AC11: 0:00 | AD11: 0 | AE11: 0 | AF11: 0 | AG11: 0 | AH11: 0 | AI11: 0 | AJ11: =LEFT(B11,3) -> ILO | AK11: =TRIM(RIGHT(B11, LEN(B11)-3)) -> Deimple Jolo | AL11: =_xlfn.XLOOKUP(A11,reference!A:A,reference!D:D) -> AH-SnapHeld-ARM-ProdAH-AeroHeld-FTP-Prod | AM11: =IF(A11="AH-SnapHeld-Special Project - B",_xlfn.XLOOKUP(AK11,BP:BP,BO:BO),IF(_xlfn.XLOOKUP(AL11,reference!D:D,reference!C:C)=0,"",_xlfn.XLOOKUP(AL11,reference!D:D,reference!C:C))) -> ARM
A12: AH-SnapHeld-ARM-Prod | B12: ILO Hanz Kimcy Esing | C12: hanz.esing@company.com | D12: 71 | E12: 20.167017 | F12: 1.0892 | G12: 1.8166667 | H12: 10 | I12: 0.14084507 | J12: 2.8404249 | K12: 10 | L12: 2.8404249 | M12: 3.5206 | N12: 0.30937908 | O12: 0:00 | P12: 2:27 | Q12: 0:55 | R12: 1:32 | S12: 0:00 | T12: 12:27 | U12: 0:00 | V12: 0:00 | W12: 0 | X12: 0 | Y12: 0 | Z12: 0 | AA12: 0 | AB12: 0:00 | AC12: 0:00 | AD12: 0 | AE12: 0 | AF12: 0 | AG12: 0 | AH12: 0 | AI12: 0 | AJ12: =LEFT(B12,3) -> ILO | AK12: =TRIM(RIGHT(B12, LEN(B12)-3)) -> Hanz Kimcy Esing | AL12: =_xlfn.XLOOKUP(A12,reference!A:A,reference!D:D) -> AH-SnapHeld-ARM-ProdAH-AeroHeld-FTP-Prod | AM12: =IF(A12="AH-SnapHeld-Special Project - B",_xlfn.XLOOKUP(AK12,BP:BP,BO:BO),IF(_xlfn.XLOOKUP(AL12,reference!D:D,reference!C:C)=0,"",_xlfn.XLOOKUP(AL12,reference!D:D,reference!C:C))) -> ARM
A13: AH-SnapHeld-ARM-Prod | B13: ILO Rovy Belarmino | C13: rovy.belarmino@company.com | D13: 17 | E13: 8.3366026 | F13: 0.8108 | G13: 0.92027778 | H13: 3 | I13: 0.17647059 | J13: 1.4711652 | K13: 3 | L13: 1.4711652 | M13: 2.0392 | N13: 0.3976069 | O13: 0:00 | P13: 6:06 | Q13: 2:51 | R13: 3:14 | S13: 0:00 | T13: 49:52 | U13: 0:00 | V13: 0:00 | W13: 0 | X13: 0 | Y13: 0 | Z13: 0 | AA13: 0 | AB13: 0:00 | AC13: 0:00 | AD13: 0 | AE13: 0 | AF13: 0 | AG13: 0 | AH13: 0 | AI13: 0 | AJ13: =LEFT(B13,3) -> ILO | AK13: =TRIM(RIGHT(B13, LEN(B13)-3)) -> Rovy Belarmino | AL13: =_xlfn.XLOOKUP(A13,reference!A:A,reference!D:D) -> AH-SnapHeld-ARM-ProdAH-AeroHeld-FTP-Prod | AM13: =IF(A13="AH-SnapHeld-Special Project - B",_xlfn.XLOOKUP(AK13,BP:BP,BO:BO),IF(_xlfn.XLOOKUP(AL13,reference!D:D,reference!C:C)=0,"",_xlfn.XLOOKUP(AL13,reference!D:D,reference!C:C))) -> ARM
... A164: HBOSS Portal Fax Research | B164: ILO Ricky Mendiro | C164: ricky.mendiro@company.com | D164: 8 | E164: 20.423794 | F164: 0.0992 | G164: 0.13583333 | H164: 3 | I164: 0.375 | J164: 7.6589226 | K164: 15 | L164: 38.294613 | M164: 0.3917 | N164: 0.25325504 | O164: 0:26 | P164: 1:45 | Q164: 0:44 | R164: 1:01 | S164: 0:00 | T164: 0:00 | U164: 0:00 | V164: 0:00 | W164: 0 | X164: 0 | Y164: 0 | Z164: 0 | AA164: 0 | AB164: 0:00 | AC164: 0:00 | AD164: 0 | AE164: 0 | AF164: 0 | AG164: 0 | AH164: 0 | AI164: 0 | AJ164: =LEFT(B164,3) -> ILO | AK164: =TRIM(RIGHT(B164, LEN(B164)-3)) -> Ricky Mendiro | AL164: =_xlfn.XLOOKUP(A164,reference!A:A,reference!D:D) -> HBOSS Portal Fax ResearchAH-SnapHeld-FaxRes-Prod | AM164: =IF(A164="AH-SnapHeld-Special Project - B",_xlfn.XLOOKUP(AK164,BP:BP,BO:BO),IF(_xlfn.XLOOKUP(AL164,reference!D:D,reference!C:C)=0,"",_xlfn.XLOOKUP(AL164,reference!D:D,reference!C:C))) -> Fax Research

Sheet Pivots
B1: BCD | C1: Hours | D1: Completes | E1: Points | F1: RPH/PPH | H1: ILO | I1: Hours | J1: Completes | K1: Points | L1: RPH/PPH | N1: BTG | O1: Hours | P1: Completes | Q1: Points | R1: RPH/PPH | T1: CAMPAIGN BASE | U1: Site | V1: Workflow | W1: Sum of Calls | X1: Sum of Points | Y1: Sum of Logged In | Z1: Sum of RPH | AA1: Sum of PPH | AC1: TEAM BASE | AD1: Site | AE1: Workflow | AF1: AgentName | AG1: Sum of Calls | AH1: Sum of Points | AI1: Sum of Logged In | AJ1: Sum of RPH | AK1: Sum of PPH | AM1: Team Report | AN1: Sum of Calls | AO1: Sum of Points | AP1: Sum of Logged In | AQ1: Sum of RPH | AR1: Sum of PPH
B2: BCD-Confirmed Sales | C2: =IF(IFERROR(_xlfn.XLOOKUP($B2,$T:$T,$Y:$Y),"")="",IFERROR(IF(SUMIF($AC:$AC,$B2,$AI:$AI)=0,"",SUMIF($AC:$AC,$B2,$AI:$AI)),""),IFERROR(_xlfn.XLOOKUP($B2,$T:$T,$Y:$Y),"")) -> 2.2756 | D2: =IF(IFERROR(_xlfn.XLOOKUP($B2,$T:$T,$W:$W),"")="",IFERROR(IF(SUMIF($AC:$AC,$B2,$AG:$AG)=0,"",SUMIF($AC:$AC,$B2,$AG:$AG)),""),IFERROR(_xlfn.XLOOKUP($B2,$T:$T,$W:$W),"")) -> 29 | E2: =IF(IFERROR(_xlfn.XLOOKUP($B2,$T:$T,$X:$X),"")="",IFERROR(IF(SUMIF($AC:$AC,$B2,$AH:$AH)=0,"",SUMIF($AC:$AC,$B2,$AH:$AH)),""),IFERROR(_xlfn.XLOOKUP($B2,$T:$T,$X:$X),"")) -> 12 | F2: =IFERROR(D2/C2,"") -> 12.743892 | H2: ILO-Confirmed Sales | I2: =IF(IFERROR(_xlfn.XLOOKUP($H2,$T:$T,$Y:$Y),"")="",IFERROR(IF(SUMIF($AC:$AC,$H2,$AI:$AI)=0,"",SUMIF($AC:$AC,$H2,$AI:$AI)),""),IFERROR(_xlfn.XLOOKUP($H2,$T:$T,$Y:$Y),"")) -> 0.7397 | J2: =IF(IFERROR(_xlfn.XLOOKUP($H2,$T:$T,$W:$W),"")="",IFERROR(IF(SUMIF($AC:$AC,$H2,$AG:$AG)=0,"",SUMIF($AC:$AC,$H2,$AG:$AG)),""),IFERROR(_xlfn.XLOOKUP($H2,$T:$T,$W:$W),"")) -> 9 | K2: =IF(IFERROR(_xlfn.XLOOKUP($H2,$T:$T,$X:$X),"")="",IFERROR(IF(SUMIF($AC:$AC,$H2,$AH:$AH)=0,"",SUMIF($AC:$AC,$H2,$AH:$AH)),""),IFERROR(_xlfn.XLOOKUP($H2,$T:$T,$X:$X),"")) -> 5 | L2: =IFERROR(J2/I2,"") -> 12.167095 | N2: BTG-Confirmed Sales | O2: =IF(IFERROR(_xlfn.XLOOKUP($N2,$T:$T,$Y:$Y),"")="",IFERROR(IF(SUMIF($AC:$AC,$N2,$AI:$AI)=0,"",SUMIF($AC:$AC,$N2,$AI:$AI)),""),IFERROR(_xlfn.XLOOKUP($N2,$T:$T,$Y:$Y),"")) -> 11.7687 | P2: =IF(IFERROR(_xlfn.XLOOKUP($N2,$T:$T,$W:$W),"")="",IFERROR(IF(SUMIF($AC:$AC,$N2,$AG:$AG)=0,"",SUMIF($AC:$AC,$N2,$AG:$AG)),""),IFERROR(_xlfn.XLOOKUP($N2,$T:$T,$W:$W),"")) -> 224 | Q2: =IF(IFERROR(_xlfn.XLOOKUP($N2,$T:$T,$X:$X),"")="",IFERROR(IF(SUMIF($AC:$AC,$N2,$AH:$AH)=0,"",SUMIF($AC:$AC,$N2,$AH:$AH)),""),IFERROR(_xlfn.XLOOKUP($N2,$T:$T,$X:$X),"")) -> 104 | R2: =IFERROR(P2/O2,"") -> 19.033538 | T2: =_xlfn.CONCAT(U2,"-",V2) -> BCD-DCAH Scrubs | U2: BCD | V2: DCAH Scrubs | W2: 133 | X2: 15 | Y2: 11.1638 | Z2: 11.913506 | AA2: 1.3436285 | AC2: =_xlfn.CONCAT(AD2,"-",AE2) -> BCD-Fax Mapping | AD2: BCD | AE2: Fax Mapping | AF2: Jeshurun Corpus | AG2: 11 | AH2: 102 | AI2: 3.8619 | AJ2: 2.8483389 | AK2: 26.41187 | AM2: BCD-0 | AN2: =SUMIF(AC:AC,AM2,AG:AG) -> 0 | AO2: =SUMIF(AC:AC,AM2,AH:AH) -> 0 | AP2: =SUMIF(AC:AC,AM2,AI:AI) -> 0 | AQ2: =AVERAGEIF(AC:AC,AM2,AI:AI) -> #DIV/0! | AR2: =AVERAGEIF(AC:AC,AM2,AJ:AJ) -> #DIV/0!
B3: BCD-Edocument | C3: =IF(IFERROR(_xlfn.XLOOKUP($B3,$T:$T,$Y:$Y),"")="",IFERROR(IF(SUMIF($AC:$AC,$B3,$AI:$AI)=0,"",SUMIF($AC:$AC,$B3,$AI:$AI)),""),IFERROR(_xlfn.XLOOKUP($B3,$T:$T,$Y:$Y),"")) -> 34.3005 | D3: =IF(IFERROR(_xlfn.XLOOKUP($B3,$T:$T,$W:$W),"")="",IFERROR(IF(SUMIF($AC:$AC,$B3,$AG:$AG)=0,"",SUMIF($AC:$AC,$B3,$AG:$AG)),""),IFERROR(_xlfn.XLOOKUP($B3,$T:$T,$W:$W),"")) -> 162 | E3: =IF(IFERROR(_xlfn.XLOOKUP($B3,$T:$T,$X:$X),"")="",IFERROR(IF(SUMIF($AC:$AC,$B3,$AH:$AH)=0,"",SUMIF($AC:$AC,$B3,$AH:$AH)),""),IFERROR(_xlfn.XLOOKUP($B3,$T:$T,$X:$X),"")) -> 41 | F3: =IFERROR(D3/C3,"") -> 4.7229632 | H3: ILO-Edocument | I3: =IF(IFERROR(_xlfn.XLOOKUP($H3,$T:$T,$Y:$Y),"")="",IFERROR(IF(SUMIF($AC:$AC,$H3,$AI:$AI)=0,"",SUMIF($AC:$AC,$H3,$AI:$AI)),""),IFERROR(_xlfn.XLOOKUP($H3,$T:$T,$Y:$Y),"")) | J3: =IF(IFERROR(_xlfn.XLOOKUP($H3,$T:$T,$W:$W),"")="",IFERROR(IF(SUMIF($AC:$AC,$H3,$AG:$AG)=0,"",SUMIF($AC:$AC,$H3,$AG:$AG)),""),IFERROR(_xlfn.XLOOKUP($H3,$T:$T,$W:$W),"")) | K3: =IF(IFERROR(_xlfn.XLOOKUP($H3,$T:$T,$X:$X),"")="",IFERROR(IF(SUMIF($AC:$AC,$H3,$AH:$AH)=0,"",SUMIF($AC:$AC,$H3,$AH:$AH)),""),IFERROR(_xlfn.XLOOKUP($H3,$T:$T,$X:$X),"")) | L3: =IFERROR(J3/I3,"") | N3: BTG-Edocument | O3: =IF(IFERROR(_xlfn.XLOOKUP($N3,$T:$T,$Y:$Y),"")="",IFERROR(IF(SUMIF($AC:$AC,$N3,$AI:$AI)=0,"",SUMIF($AC:$AC,$N3,$AI:$AI)),""),IFERROR(_xlfn.XLOOKUP($N3,$T:$T,$Y:$Y),"")) | P3: =IF(IFERROR(_xlfn.XLOOKUP($N3,$T:$T,$W:$W),"")="",IFERROR(IF(SUMIF($AC:$AC,$N3,$AG:$AG)=0,"",SUMIF($AC:$AC,$N3,$AG:$AG)),""),IFERROR(_xlfn.XLOOKUP($N3,$T:$T,$W:$W),"")) | Q3: =IF(IFERROR(_xlfn.XLOOKUP($N3,$T:$T,$X:$X),"")="",IFERROR(IF(SUMIF($AC:$AC,$N3,$AH:$AH)=0,"",SUMIF($AC:$AC,$N3,$AH:$AH)),""),IFERROR(_xlfn.XLOOKUP($N3,$T:$T,$X:$X),"")) | R3: =IFERROR(P3/O3,"") | T3: =_xlfn.CONCAT(U3,"-",V3) -> BCD-Edocument | U3: BCD | V3: Edocument | W3: 162 | X3: 41 | Y3: 34.3005 | Z3: 4.7229632 | AA3: 1.1953179 | AC3: =_xlfn.CONCAT(AD3,"-",AE3) -> BCD-Fax Mapping | AD3: BCD | AE3: Fax Mapping | AF3: Gabrielle Angela Alcala | AG3: 6 | AH3: 57 | AI3: 4.0153 | AJ3: 1.4942844 | AK3: 14.195701 | AM3: BCD-Tricare East RX Review | AN3: =SUMIF(AC:AC,AM3,AG:AG) -> 0 | AO3: =SUMIF(AC:AC,AM3,AH:AH) -> 0 | AP3: =SUMIF(AC:AC,AM3,AI:AI) -> 0 | AQ3: =AVERAGEIF(AC:AC,AM3,AI:AI) -> #DIV/0! | AR3: =AVERAGEIF(AC:AC,AM3,AJ:AJ) -> #DIV/0!
B4: BCD-Edocument Prio | C4: =IF(IFERROR(_xlfn.XLOOKUP($B4,$T:$T,$Y:$Y),"")="",IFERROR(IF(SUMIF($AC:$AC,$B4,$AI:$AI)=0,"",SUMIF($AC:$AC,$B4,$AI:$AI)),""),IFERROR(_xlfn.XLOOKUP($B4,$T:$T,$Y:$Y),"")) | D4: =IF(IFERROR(_xlfn.XLOOKUP($B4,$T:$T,$W:$W),"")="",IFERROR(IF(SUMIF($AC:$AC,$B4,$AG:$AG)=0,"",SUMIF($AC:$AC,$B4,$AG:$AG)),""),IFERROR(_xlfn.XLOOKUP($B4,$T:$T,$W:$W),"")) | E4: =IF(IFERROR(_xlfn.XLOOKUP($B4,$T:$T,$X:$X),"")="",IFERROR(IF(SUMIF($AC:$AC,$B4,$AH:$AH)=0,"",SUMIF($AC:$AC,$B4,$AH:$AH)),""),IFERROR(_xlfn.XLOOKUP($B4,$T:$T,$X:$X),"")) | F4: =IFERROR(D4/C4,"") | H4: ILO-Edocument Prio | I4: =IF(IFERROR(_xlfn.XLOOKUP($H4,$T:$T,$Y:$Y),"")="",IFERROR(IF(SUMIF($AC:$AC,$H4,$AI:$AI)=0,"",SUMIF($AC:$AC,$H4,$AI:$AI)),""),IFERROR(_xlfn.XLOOKUP($H4,$T:$T,$Y:$Y),"")) | J4: =IF(IFERROR(_xlfn.XLOOKUP($H4,$T:$T,$W:$W),"")="",IFERROR(IF(SUMIF($AC:$AC,$H4,$AG:$AG)=0,"",SUMIF($AC:$AC,$H4,$AG:$AG)),""),IFERROR(_xlfn.XLOOKUP($H4,$T:$T,$W:$W),"")) | K4: =IF(IFERROR(_xlfn.XLOOKUP($H4,$T:$T,$X:$X),"")="",IFERROR(IF(SUMIF($AC:$AC,$H4,$AH:$AH)=0,"",SUMIF($AC:$AC,$H4,$AH:$AH)),""),IFERROR(_xlfn.XLOOKUP($H4,$T:$T,$X:$X),"")) | L4: =IFERROR(J4/I4,"") | N4: BTG-Edocument Prio | O4: =IF(IFERROR(_xlfn.XLOOKUP($N4,$T:$T,$Y:$Y),"")="",IFERROR(IF(SUMIF($AC:$AC,$N4,$AI:$AI)=0,"",SUMIF($AC:$AC,$N4,$AI:$AI)),""),IFERROR(_xlfn.XLOOKUP($N4,$T:$T,$Y:$Y),"")) | P4: =IF(IFERROR(_xlfn.XLOOKUP($N4,$T:$T,$W:$W),"")="",IFERROR(IF(SUMIF($AC:$AC,$N4,$AG:$AG)=0,"",SUMIF($AC:$AC,$N4,$AG:$AG)),""),IFERROR(_xlfn.XLOOKUP($N4,$T:$T,$W:$W),"")) | Q4: =IF(IFERROR(_xlfn.XLOOKUP($N4,$T:$T,$X:$X),"")="",IFERROR(IF(SUMIF($AC:$AC,$N4,$AH:$AH)=0,"",SUMIF($AC:$AC,$N4,$AH:$AH)),""),IFERROR(_xlfn.XLOOKUP($N4,$T:$T,$X:$X),"")) | R4: =IFERROR(P4/O4,"") | T4: =_xlfn.CONCAT(U4,"-",V4) -> BCD-VSA | U4: BCD | V4: VSA | W4: 165 | X4: 107 | Y4: 6.6852 | Z4: 24.681386 | AA4: 16.005505 | AC4: =_xlfn.CONCAT(AD4,"-",AE4) -> BCD-Fax Mapping | AD4: BCD | AE4: Fax Mapping | AF4: Nicole Amador | AG4: 1 | AH4: 20 | AI4: 0.9211 | AJ4: 1.0856585 | AK4: 21.713169 | AM4: BCD-UHC Special Project | AN4: =SUMIF(AC:AC,AM4,AG:AG) -> 0 | AO4: =SUMIF(AC:AC,AM4,AH:AH) -> 0 | AP4: =SUMIF(AC:AC,AM4,AI:AI) -> 0 | AQ4: =AVERAGEIF(AC:AC,AM4,AI:AI) -> #DIV/0! | AR4: =AVERAGEIF(AC:AC,AM4,AJ:AJ) -> #DIV/0!
B5: BCD-DCAH scrubs | C5: =IF(IFERROR(_xlfn.XLOOKUP($B5,$T:$T,$Y:$Y),"")="",IFERROR(IF(SUMIF($AC:$AC,$B5,$AI:$AI)=0,"",SUMIF($AC:$AC,$B5,$AI:$AI)),""),IFERROR(_xlfn.XLOOKUP($B5,$T:$T,$Y:$Y),"")) -> 11.1638 | D5: =IF(IFERROR(_xlfn.XLOOKUP($B5,$T:$T,$W:$W),"")="",IFERROR(IF(SUMIF($AC:$AC,$B5,$AG:$AG)=0,"",SUMIF($AC:$AC,$B5,$AG:$AG)),""),IFERROR(_xlfn.XLOOKUP($B5,$T:$T,$W:$W),"")) -> 133 | E5: =IF(IFERROR(_xlfn.XLOOKUP($B5,$T:$T,$X:$X),"")="",IFERROR(IF(SUMIF($AC:$AC,$B5,$AH:$AH)=0,"",SUMIF($AC:$AC,$B5,$AH:$AH)),""),IFERROR(_xlfn.XLOOKUP($B5,$T:$T,$X:$X),"")) -> 15 | F5: =IFERROR(D5/C5,"") -> 11.913506 | H5: ILO-DCAH scrubs | I5: =IF(IFERROR(_xlfn.XLOOKUP($H5,$T:$T,$Y:$Y),"")="",IFERROR(IF(SUMIF($AC:$AC,$H5,$AI:$AI)=0,"",SUMIF($AC:$AC,$H5,$AI:$AI)),""),IFERROR(_xlfn.XLOOKUP($H5,$T:$T,$Y:$Y),"")) | J5: =IF(IFERROR(_xlfn.XLOOKUP($H5,$T:$T,$W:$W),"")="",IFERROR(IF(SUMIF($AC:$AC,$H5,$AG:$AG)=0,"",SUMIF($AC:$AC,$H5,$AG:$AG)),""),IFERROR(_xlfn.XLOOKUP($H5,$T:$T,$W:$W),"")) | K5: =IF(IFERROR(_xlfn.XLOOKUP($H5,$T:$T,$X:$X),"")="",IFERROR(IF(SUMIF($AC:$AC,$H5,$AH:$AH)=0,"",SUMIF($AC:$AC,$H5,$AH:$AH)),""),IFERROR(_xlfn.XLOOKUP($H5,$T:$T,$X:$X),"")) | L5: =IFERROR(J5/I5,"") | N5: BTG-DCAH scrubs | O5: =IF(IFERROR(_xlfn.XLOOKUP($N5,$T:$T,$Y:$Y),"")="",IFERROR(IF(SUMIF($AC:$AC,$N5,$AI:$AI)=0,"",SUMIF($AC:$AC,$N5,$AI:$AI)),""),IFERROR(_xlfn.XLOOKUP($N5,$T:$T,$Y:$Y),"")) -> 42.2065 | P5: =IF(IFERROR(_xlfn.XLOOKUP($N5,$T:$T,$W:$W),"")="",IFERROR(IF(SUMIF($AC:$AC,$N5,$AG:$AG)=0,"",SUMIF($AC:$AC,$N5,$AG:$AG)),""),IFERROR(_xlfn.XLOOKUP($N5,$T:$T,$W:$W),"")) -> 42 | Q5: =IF(IFERROR(_xlfn.XLOOKUP($N5,$T:$T,$X:$X),"")="",IFERROR(IF(SUMIF($AC:$AC,$N5,$AH:$AH)=0,"",SUMIF($AC:$AC,$N5,$AH:$AH)),""),IFERROR(_xlfn.XLOOKUP($N5,$T:$T,$X:$X),"")) -> 6 | R5: =IFERROR(P5/O5,"") -> 0.99510739 | T5: =_xlfn.CONCAT(U5,"-",V5) -> BCD-Doctor Research | U5: BCD | V5: Doctor Research | W5: 22 | X5: 22 | Y5: 3.3831 | Z5: 6.5029115 | AA5: 6.5029115 | AC5: =_xlfn.CONCAT(AD5,"-",AE5) -> BCD-Fax Mapping | AD5: BCD | AE5: Fax Mapping | AF5: Julius Canasares | AG5: 2 | AH5: 19 | AI5: 3.06 | AJ5: 0.65359477 | AK5: 6.2091503 | AM5: BCD-VA Medicaid | AN5: =SUMIF(AC:AC,AM5,AG:AG) -> 0 | AO5: =SUMIF(AC:AC,AM5,AH:AH) -> 0 | AP5: =SUMIF(AC:AC,AM5,AI:AI) -> 0 | AQ5: =AVERAGEIF(AC:AC,AM5,AI:AI) -> #DIV/0! | AR5: =AVERAGEIF(AC:AC,AM5,AJ:AJ) -> #DIV/0!
B6: BCD-DCAH | C6: =IF(IFERROR(_xlfn.XLOOKUP($B6,$T:$T,$Y:$Y),"")="",IFERROR(IF(SUMIF($AC:$AC,$B6,$AI:$AI)=0,"",SUMIF($AC:$AC,$B6,$AI:$AI)),""),IFERROR(_xlfn.XLOOKUP($B6,$T:$T,$Y:$Y),"")) | D6: =IF(IFERROR(_xlfn.XLOOKUP($B6,$T:$T,$W:$W),"")="",IFERROR(IF(SUMIF($AC:$AC,$B6,$AG:$AG)=0,"",SUMIF($AC:$AC,$B6,$AG:$AG)),""),IFERROR(_xlfn.XLOOKUP($B6,$T:$T,$W:$W),"")) | E6: =IF(IFERROR(_xlfn.XLOOKUP($B6,$T:$T,$X:$X),"")="",IFERROR(IF(SUMIF($AC:$AC,$B6,$AH:$AH)=0,"",SUMIF($AC:$AC,$B6,$AH:$AH)),""),IFERROR(_xlfn.XLOOKUP($B6,$T:$T,$X:$X),"")) | F6: =IFERROR(D6/C6,"") | H6: ILO-DCAH | I6: =IF(IFERROR(_xlfn.XLOOKUP($H6,$T:$T,$Y:$Y),"")="",IFERROR(IF(SUMIF($AC:$AC,$H6,$AI:$AI)=0,"",SUMIF($AC:$AC,$H6,$AI:$AI)),""),IFERROR(_xlfn.XLOOKUP($H6,$T:$T,$Y:$Y),"")) -> 4.8122 | J6: =IF(IFERROR(_xlfn.XLOOKUP($H6,$T:$T,$W:$W),"")="",IFERROR(IF(SUMIF($AC:$AC,$H6,$AG:$AG)=0,"",SUMIF($AC:$AC,$H6,$AG:$AG)),""),IFERROR(_xlfn.XLOOKUP($H6,$T:$T,$W:$W),"")) -> 41 | K6: =IF(IFERROR(_xlfn.XLOOKUP($H6,$T:$T,$X:$X),"")="",IFERROR(IF(SUMIF($AC:$AC,$H6,$AH:$AH)=0,"",SUMIF($AC:$AC,$H6,$AH:$AH)),""),IFERROR(_xlfn.XLOOKUP($H6,$T:$T,$X:$X),"")) -> 2 | L6: =IFERROR(J6/I6,"") -> 8.5200116 | N6: BTG-DCAH | O6: =IF(IFERROR(_xlfn.XLOOKUP($N6,$T:$T,$Y:$Y),"")="",IFERROR(IF(SUMIF($AC:$AC,$N6,$AI:$AI)=0,"",SUMIF($AC:$AC,$N6,$AI:$AI)),""),IFERROR(_xlfn.XLOOKUP($N6,$T:$T,$Y:$Y),"")) -> 61.5991 | P6: =IF(IFERROR(_xlfn.XLOOKUP($N6,$T:$T,$W:$W),"")="",IFERROR(IF(SUMIF($AC:$AC,$N6,$AG:$AG)=0,"",SUMIF($AC:$AC,$N6,$AG:$AG)),""),IFERROR(_xlfn.XLOOKUP($N6,$T:$T,$W:$W),"")) -> 640 | Q6: =IF(IFERROR(_xlfn.XLOOKUP($N6,$T:$T,$X:$X),"")="",IFERROR(IF(SUMIF($AC:$AC,$N6,$AH:$AH)=0,"",SUMIF($AC:$AC,$N6,$AH:$AH)),""),IFERROR(_xlfn.XLOOKUP($N6,$T:$T,$X:$X),"")) -> 31 | R6: =IFERROR(P6/O6,"") -> 10.389762 | T6: =_xlfn.CONCAT(U6,"-",V6) -> BCD-Doctor Match | U6: BCD | V6: Doctor Match | W6: 28 | X6: 239 | Y6: 21.0973 | Z6: 1.327184 | AA6: 11.328464 | AC6: =_xlfn.CONCAT(AD6,"-",AE6) -> BCD-Fax Mapping | AD6: BCD | AE6: Fax Mapping | AF6: Maria Amalia Endrinal | AG6: 7 | AH6: 36 | AI6: 3.315 | AJ6: 2.1116139 | AK6: 10.859729 | AM6: BTG-Tricare East RX Review | AN6: =SUMIF(AC:AC,AM6,AG:AG) -> 0 | AO6: =SUMIF(AC:AC,AM6,AH:AH) -> 0 | AP6: =SUMIF(AC:AC,AM6,AI:AI) -> 0 | AQ6: =AVERAGEIF(AC:AC,AM6,AI:AI) -> #DIV/0! | AR6: =AVERAGEIF(AC:AC,AM6,AJ:AJ) -> #DIV/0!
B7: BCD-ARM | C7: =IF(IFERROR(_xlfn.XLOOKUP($B7,$T:$T,$Y:$Y),"")="",IFERROR(IF(SUMIF($AC:$AC,$B7,$AI:$AI)=0,"",SUMIF($AC:$AC,$B7,$AI:$AI)),""),IFERROR(_xlfn.XLOOKUP($B7,$T:$T,$Y:$Y),"")) | D7: =IF(IFERROR(_xlfn.XLOOKUP($B7,$T:$T,$W:$W),"")="",IFERROR(IF(SUMIF($AC:$AC,$B7,$AG:$AG)=0,"",SUMIF($AC:$AC,$B7,$AG:$AG)),""),IFERROR(_xlfn.XLOOKUP($B7,$T:$T,$W:$W),"")) | E7: =IF(IFERROR(_xlfn.XLOOKUP($B7,$T:$T,$X:$X),"")="",IFERROR(IF(SUMIF($AC:$AC,$B7,$AH:$AH)=0,"",SUMIF($AC:$AC,$B7,$AH:$AH)),""),IFERROR(_xlfn.XLOOKUP($B7,$T:$T,$X:$X),"")) | F7: =IFERROR(D7/C7,"") | H7: ILO-ARM | I7: =IF(IFERROR(_xlfn.XLOOKUP($H7,$T:$T,$Y:$Y),"")="",IFERROR(IF(SUMIF($AC:$AC,$H7,$AI:$AI)=0,"",SUMIF($AC:$AC,$H7,$AI:$AI)),""),IFERROR(_xlfn.XLOOKUP($H7,$T:$T,$Y:$Y),"")) -> 26.2502 | J7: =IF(IFERROR(_xlfn.XLOOKUP($H7,$T:$T,$W:$W),"")="",IFERROR(IF(SUMIF($AC:$AC,$H7,$AG:$AG)=0,"",SUMIF($AC:$AC,$H7,$AG:$AG)),""),IFERROR(_xlfn.XLOOKUP($H7,$T:$T,$W:$W),"")) -> 405 | K7: =IF(IFERROR(_xlfn.XLOOKUP($H7,$T:$T,$X:$X),"")="",IFERROR(IF(SUMIF($AC:$AC,$H7,$AH:$AH)=0,"",SUMIF($AC:$AC,$H7,$AH:$AH)),""),IFERROR(_xlfn.XLOOKUP($H7,$T:$T,$X:$X),"")) -> 52 | L7: =IFERROR(J7/I7,"") -> 15.428454 | N7: BTG-ARM | O7: =IF(IFERROR(_xlfn.XLOOKUP($N7,$T:$T,$Y:$Y),"")="",IFERROR(IF(SUMIF($AC:$AC,$N7,$AI:$AI)=0,"",SUMIF($AC:$AC,$N7,$AI:$AI)),""),IFERROR(_xlfn.XLOOKUP($N7,$T:$T,$Y:$Y),"")) | P7: =IF(IFERROR(_xlfn.XLOOKUP($N7,$T:$T,$W:$W),"")="",IFERROR(IF(SUMIF($AC:$AC,$N7,$AG:$AG)=0,"",SUMIF($AC:$AC,$N7,$AG:$AG)),""),IFERROR(_xlfn.XLOOKUP($N7,$T:$T,$W:$W),"")) | Q7: =IF(IFERROR(_xlfn.XLOOKUP($N7,$T:$T,$X:$X),"")="",IFERROR(IF(SUMIF($AC:$AC,$N7,$AH:$AH)=0,"",SUMIF($AC:$AC,$N7,$AH:$AH)),""),IFERROR(_xlfn.XLOOKUP($N7,$T:$T,$X:$X),"")) | R7: =IFERROR(P7/O7,"") | T7: =_xlfn.CONCAT(U7,"-",V7) -> BCD-Aging | U7: BCD | V7: Aging | W7: 54 | X7: 12 | Y7: 3.3519 | Z7: 16.110266 | AA7: 3.5800591 | AC7: =_xlfn.CONCAT(AD7,"-",AE7) -> BCD-Confirmed Sales | AD7: BCD | AE7: Confirmed Sales | AF7: Nelrose Saguire | AG7: 13 | AH7: 9 | AI7: 1.16 | AJ7: 11.206897 | AK7: 7.7586207 | AM7: Grand Total- | AN7: =SUMIF(AC:AC,AM7,AG:AG) -> 818 | AO7: =SUMIF(AC:AC,AM7,AH:AH) -> 961 | AP7: =SUMIF(AC:AC,AM7,AI:AI) -> 113.5978 | AQ7: =AVERAGEIF(AC:AC,AM7,AI:AI) -> 113.5978 | AR7: =AVERAGEIF(AC:AC,AM7,AJ:AJ) -> 7.2008437
B8: BCD-PCAH | C8: =IF(IFERROR(_xlfn.XLOOKUP($B8,$T:$T,$Y:$Y),"")="",IFERROR(IF(SUMIF($AC:$AC,$B8,$AI:$AI)=0,"",SUMIF($AC:$AC,$B8,$AI:$AI)),""),IFERROR(_xlfn.XLOOKUP($B8,$T:$T,$Y:$Y),"")) | D8: =IF(IFERROR(_xlfn.XLOOKUP($B8,$T:$T,$W:$W),"")="",IFERROR(IF(SUMIF($AC:$AC,$B8,$AG:$AG)=0,"",SUMIF($AC:$AC,$B8,$AG:$AG)),""),IFERROR(_xlfn.XLOOKUP($B8,$T:$T,$W:$W),"")) | E8: =IF(IFERROR(_xlfn.XLOOKUP($B8,$T:$T,$X:$X),"")="",IFERROR(IF(SUMIF($AC:$AC,$B8,$AH:$AH)=0,"",SUMIF($AC:$AC,$B8,$AH:$AH)),""),IFERROR(_xlfn.XLOOKUP($B8,$T:$T,$X:$X),"")) | F8: =IFERROR(D8/C8,"") | H8: ILO-PCAH | I8: =IF(IFERROR(_xlfn.XLOOKUP($H8,$T:$T,$Y:$Y),"")="",IFERROR(IF(SUMIF($AC:$AC,$H8,$AI:$AI)=0,"",SUMIF($AC:$AC,$H8,$AI:$AI)),""),IFERROR(_xlfn.XLOOKUP($H8,$T:$T,$Y:$Y),"")) -> 28.121 | J8: =IF(IFERROR(_xlfn.XLOOKUP($H8,$T:$T,$W:$W),"")="",IFERROR(IF(SUMIF($AC:$AC,$H8,$AG:$AG)=0,"",SUMIF($AC:$AC,$H8,$AG:$AG)),""),IFERROR(_xlfn.XLOOKUP($H8,$T:$T,$W:$W),"")) -> 400 | K8: =IF(IFERROR(_xlfn.XLOOKUP($H8,$T:$T,$X:$X),"")="",IFERROR(IF(SUMIF($AC:$AC,$H8,$AH:$AH)=0,"",SUMIF($AC:$AC,$H8,$AH:$AH)),""),IFERROR(_xlfn.XLOOKUP($H8,$T:$T,$X:$X),"")) -> 56 | L8: =IFERROR(J8/I8,"") -> 14.224245 | N8: BTG-PCAH | O8: =IF(IFERROR(_xlfn.XLOOKUP($N8,$T:$T,$Y:$Y),"")="",IFERROR(IF(SUMIF($AC:$AC,$N8,$AI:$AI)=0,"",SUMIF($AC:$AC,$N8,$AI:$AI)),""),IFERROR(_xlfn.XLOOKUP($N8,$T:$T,$Y:$Y),"")) -> 38.6792 | P8: =IF(IFERROR(_xlfn.XLOOKUP($N8,$T:$T,$W:$W),"")="",IFERROR(IF(SUMIF($AC:$AC,$N8,$AG:$AG)=0,"",SUMIF($AC:$AC,$N8,$AG:$AG)),""),IFERROR(_xlfn.XLOOKUP($N8,$T:$T,$W:$W),"")) -> 446 | Q8: =IF(IFERROR(_xlfn.XLOOKUP($N8,$T:$T,$X:$X),"")="",IFERROR(IF(SUMIF($AC:$AC,$N8,$AH:$AH)=0,"",SUMIF($AC:$AC,$N8,$AH:$AH)),""),IFERROR(_xlfn.XLOOKUP($N8,$T:$T,$X:$X),"")) -> 58 | R8: =IFERROR(P8/O8,"") -> 11.530745 | T8: =_xlfn.CONCAT(U8,"-",V8) -> BTG-DCAH Scrubs | U8: BTG | V8: DCAH Scrubs | W8: 42 | X8: 6 | Y8: 42.2065 | Z8: 0.99510739 | AA8: 0.1421582 | AC8: =_xlfn.CONCAT(AD8,"-",AE8) -> BCD-Confirmed Sales | AD8: BCD | AE8: Confirmed Sales | AF8: LA Blessed Ann Gonzales | AG8: 16 | AH8: 3 | AI8: 1.1156 | AJ8: 14.342058 | AK8: 2.6891359 | AM8: ILO-0 | AN8: =SUMIF(AC:AC,AM8,AG:AG) -> 0 | AO8: =SUMIF(AC:AC,AM8,AH:AH) -> 0 | AP8: =SUMIF(AC:AC,AM8,AI:AI) -> 0.0256 | AQ8: =AVERAGEIF(AC:AC,AM8,AI:AI) -> 0.0256 | AR8: =AVERAGEIF(AC:AC,AM8,AJ:AJ) -> 0
B9: BCD-VSA | C9: =IF(IFERROR(_xlfn.XLOOKUP($B9,$T:$T,$Y:$Y),"")="",IFERROR(IF(SUMIF($AC:$AC,$B9,$AI:$AI)=0,"",SUMIF($AC:$AC,$B9,$AI:$AI)),""),IFERROR(_xlfn.XLOOKUP($B9,$T:$T,$Y:$Y),"")) -> 6.6852 | D9: =IF(IFERROR(_xlfn.XLOOKUP($B9,$T:$T,$W:$W),"")="",IFERROR(IF(SUMIF($AC:$AC,$B9,$AG:$AG)=0,"",SUMIF($AC:$AC,$B9,$AG:$AG)),""),IFERROR(_xlfn.XLOOKUP($B9,$T:$T,$W:$W),"")) -> 165 | E9: =IF(IFERROR(_xlfn.XLOOKUP($B9,$T:$T,$X:$X),"")="",IFERROR(IF(SUMIF($AC:$AC,$B9,$AH:$AH)=0,"",SUMIF($AC:$AC,$B9,$AH:$AH)),""),IFERROR(_xlfn.XLOOKUP($B9,$T:$T,$X:$X),"")) -> 107 | F9: =IFERROR(D9/C9,"") -> 24.681386 | H9: ILO-VSA | I9: =IF(IFERROR(_xlfn.XLOOKUP($H9,$T:$T,$Y:$Y),"")="",IFERROR(IF(SUMIF($AC:$AC,$H9,$AI:$AI)=0,"",SUMIF($AC:$AC,$H9,$AI:$AI)),""),IFERROR(_xlfn.XLOOKUP($H9,$T:$T,$Y:$Y),"")) -> 17.5144 | J9: =IF(IFERROR(_xlfn.XLOOKUP($H9,$T:$T,$W:$W),"")="",IFERROR(IF(SUMIF($AC:$AC,$H9,$AG:$AG)=0,"",SUMIF($AC:$AC,$H9,$AG:$AG)),""),IFERROR(_xlfn.XLOOKUP($H9,$T:$T,$W:$W),"")) -> 359 | K9: =IF(IFERROR(_xlfn.XLOOKUP($H9,$T:$T,$X:$X),"")="",IFERROR(IF(SUMIF($AC:$AC,$H9,$AH:$AH)=0,"",SUMIF($AC:$AC,$H9,$AH:$AH)),""),IFERROR(_xlfn.XLOOKUP($H9,$T:$T,$X:$X),"")) -> 63 | L9: =IFERROR(J9/I9,"") -> 20.497419 | N9: BTG-VSA | O9: =IF(IFERROR(_xlfn.XLOOKUP($N9,$T:$T,$Y:$Y),"")="",IFERROR(IF(SUMIF($AC:$AC,$N9,$AI:$AI)=0,"",SUMIF($AC:$AC,$N9,$AI:$AI)),""),IFERROR(_xlfn.XLOOKUP($N9,$T:$T,$Y:$Y),"")) -> 1.5139 | P9: =IF(IFERROR(_xlfn.XLOOKUP($N9,$T:$T,$W:$W),"")="",IFERROR(IF(SUMIF($AC:$AC,$N9,$AG:$AG)=0,"",SUMIF($AC:$AC,$N9,$AG:$AG)),""),IFERROR(_xlfn.XLOOKUP($N9,$T:$T,$W:$W),"")) -> 23 | Q9: =IF(IFERROR(_xlfn.XLOOKUP($N9,$T:$T,$X:$X),"")="",IFERROR(IF(SUMIF($AC:$AC,$N9,$AH:$AH)=0,"",SUMIF($AC:$AC,$N9,$AH:$AH)),""),IFERROR(_xlfn.XLOOKUP($N9,$T:$T,$X:$X),"")) -> 3 | R9: =IFERROR(P9/O9,"") -> 15.192549 | T9: =_xlfn.CONCAT(U9,"-",V9) -> BTG-PCAH | U9: BTG | V9: PCAH | W9: 446 | X9: 58 | Y9: 38.6792 | Z9: 11.530745 | AA9: 1.499514 | AC9: =_xlfn.CONCAT(AD9,"-",AE9) -> BCD-Blank Held | AD9: BCD | AE9: Blank Held | AF9: Ron Jacob Balquin | AG9: 38 | AH9: 31 | AI9: 3.9328 | AJ9: 9.6623271 | AK9: 7.8824247 | AM9: ILO-ARM | AN9: =SUMIF(AC:AC,AM9,AG:AG) -> 376 | AO9: =SUMIF(AC:AC,AM9,AH:AH) -> 43 | AP9: =SUMIF(AC:AC,AM9,AI:AI) -> 24.2567 | AQ9: =AVERAGEIF(AC:AC,AM9,AI:AI) -> 2.6951889 | AR9: =AVERAGEIF(AC:AC,AM9,AJ:AJ) -> 14.594418
B10: BCD-Benver | C10: =IF(IFERROR(_xlfn.XLOOKUP($B10,$T:$T,$Y:$Y),"")="",IFERROR(IF(SUMIF($AC:$AC,$B10,$AI:$AI)=0,"",SUMIF($AC:$AC,$B10,$AI:$AI)),""),IFERROR(_xlfn.XLOOKUP($B10,$T:$T,$Y:$Y),"")) | D10: =IF(IFERROR(_xlfn.XLOOKUP($B10,$T:$T,$W:$W),"")="",IFERROR(IF(SUMIF($AC:$AC,$B10,$AG:$AG)=0,"",SUMIF($AC:$AC,$B10,$AG:$AG)),""),IFERROR(_xlfn.XLOOKUP($B10,$T:$T,$W:$W),"")) | E10: =IF(IFERROR(_xlfn.XLOOKUP($B10,$T:$T,$X:$X),"")="",IFERROR(IF(SUMIF($AC:$AC,$B10,$AH:$AH)=0,"",SUMIF($AC:$AC,$B10,$AH:$AH)),""),IFERROR(_xlfn.XLOOKUP($B10,$T:$T,$X:$X),"")) | F10: =IFERROR(D10/C10,"") | H10: ILO-Benver | I10: =IF(IFERROR(_xlfn.XLOOKUP($H10,$T:$T,$Y:$Y),"")="",IFERROR(IF(SUMIF($AC:$AC,$H10,$AI:$AI)=0,"",SUMIF($AC:$AC,$H10,$AI:$AI)),""),IFERROR(_xlfn.XLOOKUP($H10,$T:$T,$Y:$Y),"")) | J10: =IF(IFERROR(_xlfn.XLOOKUP($H10,$T:$T,$W:$W),"")="",IFERROR(IF(SUMIF($AC:$AC,$H10,$AG:$AG)=0,"",SUMIF($AC:$AC,$H10,$AG:$AG)),""),IFERROR(_xlfn.XLOOKUP($H10,$T:$T,$W:$W),"")) | K10: =IF(IFERROR(_xlfn.XLOOKUP($H10,$T:$T,$X:$X),"")="",IFERROR(IF(SUMIF($AC:$AC,$H10,$AH:$AH)=0,"",SUMIF($AC:$AC,$H10,$AH:$AH)),""),IFERROR(_xlfn.XLOOKUP($H10,$T:$T,$X:$X),"")) | L10: =IFERROR(J10/I10,"") | N10: BTG-Benver | O10: =IF(IFERROR(_xlfn.XLOOKUP($N10,$T:$T,$Y:$Y),"")="",IFERROR(IF(SUMIF($AC:$AC,$N10,$AI:$AI)=0,"",SUMIF($AC:$AC,$N10,$AI:$AI)),""),IFERROR(_xlfn.XLOOKUP($N10,$T:$T,$Y:$Y),"")) | P10: =IF(IFERROR(_xlfn.XLOOKUP($N10,$T:$T,$W:$W),"")="",IFERROR(IF(SUMIF($AC:$AC,$N10,$AG:$AG)=0,"",SUMIF($AC:$AC,$N10,$AG:$AG)),""),IFERROR(_xlfn.XLOOKUP($N10,$T:$T,$W:$W),"")) | Q10: =IF(IFERROR(_xlfn.XLOOKUP($N10,$T:$T,$X:$X),"")="",IFERROR(IF(SUMIF($AC:$AC,$N10,$AH:$AH)=0,"",SUMIF($AC:$AC,$N10,$AH:$AH)),""),IFERROR(_xlfn.XLOOKUP($N10,$T:$T,$X:$X),"")) | R10: =IFERROR(P10/O10,"") | T10: =_xlfn.CONCAT(U10,"-",V10) -> BTG-VSA | U10: BTG | V10: VSA | W10: 23 | X10: 3 | Y10: 1.5139 | Z10: 15.192549 | AA10: 1.9816368 | AC10: =_xlfn.CONCAT(AD10,"-",AE10) -> ILO-0 | AD10: ILO | AE10: 0 | AF10: Kirk Daniel Cautivar | AG10: 0 | AH10: 0 | AI10: 0.0256 | AJ10: 0 | AK10: 0 | AM10: ILO-BenVer | AN10: =SUMIF(AC:AC,AM10,AG:AG) -> 0 | AO10: =SUMIF(AC:AC,AM10,AH:AH) -> 0 | AP10: =SUMIF(AC:AC,AM10,AI:AI) -> 0 | AQ10: =AVERAGEIF(AC:AC,AM10,AI:AI) -> #DIV/0! | AR10: =AVERAGEIF(AC:AC,AM10,AJ:AJ) -> #DIV/0!
B11: BCD-Rework | C11: =IF(IFERROR(_xlfn.XLOOKUP($B11,$T:$T,$Y:$Y),"")="",IFERROR(IF(SUMIF($AC:$AC,$B11,$AI:$AI)=0,"",SUMIF($AC:$AC,$B11,$AI:$AI)),""),IFERROR(_xlfn.XLOOKUP($B11,$T:$T,$Y:$Y),"")) | D11: =IF(IFERROR(_xlfn.XLOOKUP($B11,$T:$T,$W:$W),"")="",IFERROR(IF(SUMIF($AC:$AC,$B11,$AG:$AG)=0,"",SUMIF($AC:$AC,$B11,$AG:$AG)),""),IFERROR(_xlfn.XLOOKUP($B11,$T:$T,$W:$W),"")) | E11: =IF(IFERROR(_xlfn.XLOOKUP($B11,$T:$T,$X:$X),"")="",IFERROR(IF(SUMIF($AC:$AC,$B11,$AH:$AH)=0,"",SUMIF($AC:$AC,$B11,$AH:$AH)),""),IFERROR(_xlfn.XLOOKUP($B11,$T:$T,$X:$X),"")) | F11: =IFERROR(D11/C11,"") | H11: ILO-Rework | I11: =IF(IFERROR(_xlfn.XLOOKUP($H11,$T:$T,$Y:$Y),"")="",IFERROR(IF(SUMIF($AC:$AC,$H11,$AI:$AI)=0,"",SUMIF($AC:$AC,$H11,$AI:$AI)),""),IFERROR(_xlfn.XLOOKUP($H11,$T:$T,$Y:$Y),"")) -> 2.145 | J11: =IF(IFERROR(_xlfn.XLOOKUP($H11,$T:$T,$W:$W),"")="",IFERROR(IF(SUMIF($AC:$AC,$H11,$AG:$AG)=0,"",SUMIF($AC:$AC,$H11,$AG:$AG)),""),IFERROR(_xlfn.XLOOKUP($H11,$T:$T,$W:$W),"")) -> 22 | K11: =IF(IFERROR(_xlfn.XLOOKUP($H11,$T:$T,$X:$X),"")="",IFERROR(IF(SUMIF($AC:$AC,$H11,$AH:$AH)=0,"",SUMIF($AC:$AC,$H11,$AH:$AH)),""),IFERROR(_xlfn.XLOOKUP($H11,$T:$T,$X:$X),"")) -> 4 | L11: =IFERROR(J11/I11,"") -> 10.25641 | N11: BTG-Rework | O11: =IF(IFERROR(_xlfn.XLOOKUP($N11,$T:$T,$Y:$Y),"")="",IFERROR(IF(SUMIF($AC:$AC,$N11,$AI:$AI)=0,"",SUMIF($AC:$AC,$N11,$AI:$AI)),""),IFERROR(_xlfn.XLOOKUP($N11,$T:$T,$Y:$Y),"")) | P11: =IF(IFERROR(_xlfn.XLOOKUP($N11,$T:$T,$W:$W),"")="",IFERROR(IF(SUMIF($AC:$AC,$N11,$AG:$AG)=0,"",SUMIF($AC:$AC,$N11,$AG:$AG)),""),IFERROR(_xlfn.XLOOKUP($N11,$T:$T,$W:$W),"")) | Q11: =IF(IFERROR(_xlfn.XLOOKUP($N11,$T:$T,$X:$X),"")="",IFERROR(IF(SUMIF($AC:$AC,$N11,$AH:$AH)=0,"",SUMIF($AC:$AC,$N11,$AH:$AH)),""),IFERROR(_xlfn.XLOOKUP($N11,$T:$T,$X:$X),"")) | R11: =IFERROR(P11/O11,"") | T11: =_xlfn.CONCAT(U11,"-",V11) -> BTG-Doctor Match | U11: BTG | V11: Doctor Match | W11: 67 | X11: 240 | Y11: 36.0406 | Z11: 1.8590146 | AA11: 6.6591566 | AC11: =_xlfn.CONCAT(AD11,"-",AE11) -> ILO-Fax Mapping | AD11: ILO | AE11: Fax Mapping | AF11: Lara De Tomas | AG11: 6 | AH11: 72 | AI11: 3.1106 | AJ11: 1.9288883 | AK11: 23.14666 | AM11: ILO-CDT Review | AN11: =SUMIF(AC:AC,AM11,AG:AG) -> 8 | AO11: =SUMIF(AC:AC,AM11,AH:AH) -> 40 | AP11: =SUMIF(AC:AC,AM11,AI:AI) -> 3.2728 | AQ11: =AVERAGEIF(AC:AC,AM11,AI:AI) -> 3.2728 | AR11: =AVERAGEIF(AC:AC,AM11,AJ:AJ) -> 2.4443901
B12: BCD-Doctor research | C12: =IF(IFERROR(_xlfn.XLOOKUP($B12,$T:$T,$Y:$Y),"")="",IFERROR(IF(SUMIF($AC:$AC,$B12,$AI:$AI)=0,"",SUMIF($AC:$AC,$B12,$AI:$AI)),""),IFERROR(_xlfn.XLOOKUP($B12,$T:$T,$Y:$Y),"")) -> 3.3831 | D12: =IF(IFERROR(_xlfn.XLOOKUP($B12,$T:$T,$W:$W),"")="",IFERROR(IF(SUMIF($AC:$AC,$B12,$AG:$AG)=0,"",SUMIF($AC:$AC,$B12,$AG:$AG)),""),IFERROR(_xlfn.XLOOKUP($B12,$T:$T,$W:$W),"")) -> 22 | E12: =IF(IFERROR(_xlfn.XLOOKUP($B12,$T:$T,$X:$X),"")="",IFERROR(IF(SUMIF($AC:$AC,$B12,$AH:$AH)=0,"",SUMIF($AC:$AC,$B12,$AH:$AH)),""),IFERROR(_xlfn.XLOOKUP($B12,$T:$T,$X:$X),"")) -> 22 | F12: =IFERROR(D12/C12,"") -> 6.5029115 | H12: ILO-Doctor research | I12: =IF(IFERROR(_xlfn.XLOOKUP($H12,$T:$T,$Y:$Y),"")="",IFERROR(IF(SUMIF($AC:$AC,$H12,$AI:$AI)=0,"",SUMIF($AC:$AC,$H12,$AI:$AI)),""),IFERROR(_xlfn.XLOOKUP($H12,$T:$T,$Y:$Y),"")) -> 5.9925 | J12: =IF(IFERROR(_xlfn.XLOOKUP($H12,$T:$T,$W:$W),"")="",IFERROR(IF(SUMIF($AC:$AC,$H12,$AG:$AG)=0,"",SUMIF($AC:$AC,$H12,$AG:$AG)),""),IFERROR(_xlfn.XLOOKUP($H12,$T:$T,$W:$W),"")) -> 67 | K12: =IF(IFERROR(_xlfn.XLOOKUP($H12,$T:$T,$X:$X),"")="",IFERROR(IF(SUMIF($AC:$AC,$H12,$AH:$AH)=0,"",SUMIF($AC:$AC,$H12,$AH:$AH)),""),IFERROR(_xlfn.XLOOKUP($H12,$T:$T,$X:$X),"")) -> 67 | L12: =IFERROR(J12/I12,"") -> 11.180642 | N12: BTG-Doctor research | O12: =IF(IFERROR(_xlfn.XLOOKUP($N12,$T:$T,$Y:$Y),"")="",IFERROR(IF(SUMIF($AC:$AC,$N12,$AI:$AI)=0,"",SUMIF($AC:$AC,$N12,$AI:$AI)),""),IFERROR(_xlfn.XLOOKUP($N12,$T:$T,$Y:$Y),"")) | P12: =IF(IFERROR(_xlfn.XLOOKUP($N12,$T:$T,$W:$W),"")="",IFERROR(IF(SUMIF($AC:$AC,$N12,$AG:$AG)=0,"",SUMIF($AC:$AC,$N12,$AG:$AG)),""),IFERROR(_xlfn.XLOOKUP($N12,$T:$T,$W:$W),"")) | Q12: =IF(IFERROR(_xlfn.XLOOKUP($N12,$T:$T,$X:$X),"")="",IFERROR(IF(SUMIF($AC:$AC,$N12,$AH:$AH)=0,"",SUMIF($AC:$AC,$N12,$AH:$AH)),""),IFERROR(_xlfn.XLOOKUP($N12,$T:$T,$X:$X),"")) | R12: =IFERROR(P12/O12,"") | T12: =_xlfn.CONCAT(U12,"-",V12) -> BTG-DCAH | U12: BTG | V12: DCAH | W12: 640 | X12: 31 | Y12: 61.5991 | Z12: 10.389762 | AA12: 0.50325411 | AC12: =_xlfn.CONCAT(AD12,"-",AE12) -> ILO-Fax Mapping | AD12: ILO | AE12: Fax Mapping | AF12: Nicole Ann Baldoque | AG12: 6 | AH12: 72 | AI12: 2.8008 | AJ12: 2.1422451 | AK12: 25.706941 | AM12: ILO-Fax Mapping | AN12: =SUMIF(AC:AC,AM12,AG:AG) -> 32 | AO12: =SUMIF(AC:AC,AM12,AH:AH) -> 237 | AP12: =SUMIF(AC:AC,AM12,AI:AI) -> 11.9342 | AQ12: =AVERAGEIF(AC:AC,AM12,AI:AI) -> 1.9890333 | AR12: =AVERAGEIF(AC:AC,AM12,AJ:AJ) -> 2.7658577
B13: BCD-Fax Research | C13: =IF(IFERROR(_xlfn.XLOOKUP($B13,$T:$T,$Y:$Y),"")="",IFERROR(IF(SUMIF($AC:$AC,$B13,$AI:$AI)=0,"",SUMIF($AC:$AC,$B13,$AI:$AI)),""),IFERROR(_xlfn.XLOOKUP($B13,$T:$T,$Y:$Y),"")) | D13: =IF(IFERROR(_xlfn.XLOOKUP($B13,$T:$T,$W:$W),"")="",IFERROR(IF(SUMIF($AC:$AC,$B13,$AG:$AG)=0,"",SUMIF($AC:$AC,$B13,$AG:$AG)),""),IFERROR(_xlfn.XLOOKUP($B13,$T:$T,$W:$W),"")) | E13: =IF(IFERROR(_xlfn.XLOOKUP($B13,$T:$T,$X:$X),"")="",IFERROR(IF(SUMIF($AC:$AC,$B13,$AH:$AH)=0,"",SUMIF($AC:$AC,$B13,$AH:$AH)),""),IFERROR(_xlfn.XLOOKUP($B13,$T:$T,$X:$X),"")) | F13: =IFERROR(D13/C13,"") | H13: ILO-Fax Research | I13: =IF(IFERROR(_xlfn.XLOOKUP($H13,$T:$T,$Y:$Y),"")="",IFERROR(IF(SUMIF($AC:$AC,$H13,$AI:$AI)=0,"",SUMIF($AC:$AC,$H13,$AI:$AI)),""),IFERROR(_xlfn.XLOOKUP($H13,$T:$T,$Y:$Y),"")) -> 0.3917 | J13: =IF(IFERROR(_xlfn.XLOOKUP($H13,$T:$T,$W:$W),"")="",IFERROR(IF(SUMIF($AC:$AC,$H13,$AG:$AG)=0,"",SUMIF($AC:$AC,$H13,$AG:$AG)),""),IFERROR(_xlfn.XLOOKUP($H13,$T:$T,$W:$W),"")) -> 8 | K13: =IF(IFERROR(_xlfn.XLOOKUP($H13,$T:$T,$X:$X),"")="",IFERROR(IF(SUMIF($AC:$AC,$H13,$AH:$AH)=0,"",SUMIF($AC:$AC,$H13,$AH:$AH)),""),IFERROR(_xlfn.XLOOKUP($H13,$T:$T,$X:$X),"")) -> 15 | L13: =IFERROR(J13/I13,"") -> 20.423794 | N13: BTG-Fax Research | O13: =IF(IFERROR(_xlfn.XLOOKUP($N13,$T:$T,$Y:$Y),"")="",IFERROR(IF(SUMIF($AC:$AC,$N13,$AI:$AI)=0,"",SUMIF($AC:$AC,$N13,$AI:$AI)),""),IFERROR(_xlfn.XLOOKUP($N13,$T:$T,$Y:$Y),"")) | P13: =IF(IFERROR(_xlfn.XLOOKUP($N13,$T:$T,$W:$W),"")="",IFERROR(IF(SUMIF($AC:$AC,$N13,$AG:$AG)=0,"",SUMIF($AC:$AC,$N13,$AG:$AG)),""),IFERROR(_xlfn.XLOOKUP($N13,$T:$T,$W:$W),"")) | Q13: =IF(IFERROR(_xlfn.XLOOKUP($N13,$T:$T,$X:$X),"")="",IFERROR(IF(SUMIF($AC:$AC,$N13,$AH:$AH)=0,"",SUMIF($AC:$AC,$N13,$AH:$AH)),""),IFERROR(_xlfn.XLOOKUP($N13,$T:$T,$X:$X),"")) | R13: =IFERROR(P13/O13,"") | T13: =_xlfn.CONCAT(U13,"-",V13) -> BTG-Aging | U13: BTG | V13: Aging | W13: 32 | X13: 8 | Y13: 2.6653 | Z13: 12.006153 | AA13: 3.0015383 | AC13: =_xlfn.CONCAT(AD13,"-",AE13) -> ILO-Fax Mapping | AD13: ILO | AE13: Fax Mapping | AF13: Gabriel Anthony Astrologo | AG13: 8 | AH13: 34 | AI13: 2.4003 | AJ13: 3.3329167 | AK13: 14.164896 | AM13: ILO-Fax Review | AN13: =SUMIF(AC:AC,AM13,AG:AG) -> 0 | AO13: =SUMIF(AC:AC,AM13,AH:AH) -> 0 | AP13: =SUMIF(AC:AC,AM13,AI:AI) -> 3.8092 | AQ13: =AVERAGEIF(AC:AC,AM13,AI:AI) -> 3.8092 | AR13: =AVERAGEIF(AC:AC,AM13,AJ:AJ) -> 0
B14: BCD-Fax Mapping | C14: =IF(IFERROR(_xlfn.XLOOKUP($B14,$T:$T,$Y:$Y),"")="",IFERROR(IF(SUMIF($AC:$AC,$B14,$AI:$AI)=0,"",SUMIF($AC:$AC,$B14,$AI:$AI)),""),IFERROR(_xlfn.XLOOKUP($B14,$T:$T,$Y:$Y),"")) -> 15.1733 | D14: =IF(IFERROR(_xlfn.XLOOKUP($B14,$T:$T,$W:$W),"")="",IFERROR(IF(SUMIF($AC:$AC,$B14,$AG:$AG)=0,"",SUMIF($AC:$AC,$B14,$AG:$AG)),""),IFERROR(_xlfn.XLOOKUP($B14,$T:$T,$W:$W),"")) -> 27 | E14: =IF(IFERROR(_xlfn.XLOOKUP($B14,$T:$T,$X:$X),"")="",IFERROR(IF(SUMIF($AC:$AC,$B14,$AH:$AH)=0,"",SUMIF($AC:$AC,$B14,$AH:$AH)),""),IFERROR(_xlfn.XLOOKUP($B14,$T:$T,$X:$X),"")) -> 234 | F14: =IF(IFERROR(_xlfn.XLOOKUP(B14,$T:$T,$AA:$AA),"")="",IFERROR(IF(AVERAGEIF($AC:$AC,B14,$AK:$AK)=0,"",SUMIF($AC:$AC,B14,$AH:$AH)/SUMIF($AC:$AC,B14,$AI:$AI)),""),IFERROR(_xlfn.XLOOKUP(B14,$T:$T,$AA:$AA),"")) -> 15.421826 | H14: ILO-Fax Mapping | I14: =IF(IFERROR(_xlfn.XLOOKUP($H14,$T:$T,$Y:$Y),"")="",IFERROR(IF(SUMIF($AC:$AC,$H14,$AI:$AI)=0,"",SUMIF($AC:$AC,$H14,$AI:$AI)),""),IFERROR(_xlfn.XLOOKUP($H14,$T:$T,$Y:$Y),"")) -> 11.9342 | J14: =IF(IFERROR(_xlfn.XLOOKUP($H14,$T:$T,$W:$W),"")="",IFERROR(IF(SUMIF($AC:$AC,$H14,$AG:$AG)=0,"",SUMIF($AC:$AC,$H14,$AG:$AG)),""),IFERROR(_xlfn.XLOOKUP($H14,$T:$T,$W:$W),"")) -> 32 | K14: =IF(IFERROR(_xlfn.XLOOKUP($H14,$T:$T,$X:$X),"")="",IFERROR(IF(SUMIF($AC:$AC,$H14,$AH:$AH)=0,"",SUMIF($AC:$AC,$H14,$AH:$AH)),""),IFERROR(_xlfn.XLOOKUP($H14,$T:$T,$X:$X),"")) -> 237 | L14: =IF(IFERROR(_xlfn.XLOOKUP(H14,$T:$T,$AA:$AA),"")="",IFERROR(IF(AVERAGEIF($AC:$AC,H14,$AK:$AK)=0,"",SUMIF($AC:$AC,H14,$AH:$AH)/SUMIF($AC:$AC,H14,$AI:$AI)),""),IFERROR(_xlfn.XLOOKUP(H14,$T:$T,$AA:$AA),"")) -> 19.858893 | N14: BTG-Fax Mapping | O14: =IF(IFERROR(_xlfn.XLOOKUP($N14,$T:$T,$Y:$Y),"")="",IFERROR(IF(SUMIF($AC:$AC,$N14,$AI:$AI)=0,"",SUMIF($AC:$AC,$N14,$AI:$AI)),""),IFERROR(_xlfn.XLOOKUP($N14,$T:$T,$Y:$Y),"")) -> 36.0175 | P14: =IF(IFERROR(_xlfn.XLOOKUP($N14,$T:$T,$W:$W),"")="",IFERROR(IF(SUMIF($AC:$AC,$N14,$AG:$AG)=0,"",SUMIF($AC:$AC,$N14,$AG:$AG)),""),IFERROR(_xlfn.XLOOKUP($N14,$T:$T,$W:$W),"")) -> 67 | Q14: =IF(IFERROR(_xlfn.XLOOKUP($N14,$T:$T,$X:$X),"")="",IFERROR(IF(SUMIF($AC:$AC,$N14,$AH:$AH)=0,"",SUMIF($AC:$AC,$N14,$AH:$AH)),""),IFERROR(_xlfn.XLOOKUP($N14,$T:$T,$X:$X),"")) -> 240 | R14: =IF(IFERROR(_xlfn.XLOOKUP(N14,$T:$T,$AA:$AA),"")="",IFERROR(IF(AVERAGEIF($AC:$AC,N14,$AK:$AK)=0,"",SUMIF($AC:$AC,N14,$AH:$AH)/SUMIF($AC:$AC,N14,$AI:$AI)),""),IFERROR(_xlfn.XLOOKUP(N14,$T:$T,$AA:$AA),"")) -> 6.6634275 | T14: =_xlfn.CONCAT(U14,"-",V14) -> ILO-PCAH | U14: ILO | V14: PCAH | W14: 400 | X14: 56 | Y14: 28.121 | Z14: 14.224245 | AA14: 1.9913943 | AC14: =_xlfn.CONCAT(AD14,"-",AE14) -> ILO-Fax Mapping | AD14: ILO | AE14: Fax Mapping | AF14: Mikaela Judith Jacela | AG14: 7 | AH14: 18 | AI14: 1.8486 | AJ14: 3.7866494 | AK14: 9.7370983 | AM14: ILO-UHC Special Project | AN14: =SUMIF(AC:AC,AM14,AG:AG) -> 0 | AO14: =SUMIF(AC:AC,AM14,AH:AH) -> 0 | AP14: =SUMIF(AC:AC,AM14,AI:AI) -> 0 | AQ14: =AVERAGEIF(AC:AC,AM14,AI:AI) -> #DIV/0! | AR14: =AVERAGEIF(AC:AC,AM14,AJ:AJ) -> #DIV/0!
B15: BCD-Fax Review | C15: =IF(IFERROR(_xlfn.XLOOKUP($B15,$T:$T,$Y:$Y),"")="",IFERROR(IF(SUMIF($AC:$AC,$B15,$AI:$AI)=0,"",SUMIF($AC:$AC,$B15,$AI:$AI)),""),IFERROR(_xlfn.XLOOKUP($B15,$T:$T,$Y:$Y),"")) | D15: =IF(IFERROR(_xlfn.XLOOKUP($B15,$T:$T,$W:$W),"")="",IFERROR(IF(SUMIF($AC:$AC,$B15,$AG:$AG)=0,"",SUMIF($AC:$AC,$B15,$AG:$AG)),""),IFERROR(_xlfn.XLOOKUP($B15,$T:$T,$W:$W),"")) | E15: =IF(IFERROR(_xlfn.XLOOKUP($B15,$T:$T,$X:$X),"")="",IFERROR(IF(SUMIF($AC:$AC,$B15,$AH:$AH)=0,"",SUMIF($AC:$AC,$B15,$AH:$AH)),""),IFERROR(_xlfn.XLOOKUP($B15,$T:$T,$X:$X),"")) | F15: =IF(IFERROR(_xlfn.XLOOKUP(B15,$T:$T,$AA:$AA),"")="",IFERROR(IF(AVERAGEIF($AC:$AC,B15,$AK:$AK)=0,"",SUMIF($AC:$AC,B15,$AH:$AH)/SUMIF($AC:$AC,B15,$AI:$AI)),""),IFERROR(_xlfn.XLOOKUP(B15,$T:$T,$AA:$AA),"")) | H15: ILO-Fax Review | I15: =IF(IFERROR(_xlfn.XLOOKUP($H15,$T:$T,$Y:$Y),"")="",IFERROR(IF(SUMIF($AC:$AC,$H15,$AI:$AI)=0,"",SUMIF($AC:$AC,$H15,$AI:$AI)),""),IFERROR(_xlfn.XLOOKUP($H15,$T:$T,$Y:$Y),"")) -> 3.8092 | J15: =IF(IFERROR(_xlfn.XLOOKUP($H15,$T:$T,$W:$W),"")="",IFERROR(IF(SUMIF($AC:$AC,$H15,$AG:$AG)=0,"",SUMIF($AC:$AC,$H15,$AG:$AG)),""),IFERROR(_xlfn.XLOOKUP($H15,$T:$T,$W:$W),"")) | K15: =IF(IFERROR(_xlfn.XLOOKUP($H15,$T:$T,$X:$X),"")="",IFERROR(IF(SUMIF($AC:$AC,$H15,$AH:$AH)=0,"",SUMIF($AC:$AC,$H15,$AH:$AH)),""),IFERROR(_xlfn.XLOOKUP($H15,$T:$T,$X:$X),"")) | L15: =IF(IFERROR(_xlfn.XLOOKUP(H15,$T:$T,$AA:$AA),"")="",IFERROR(IF(AVERAGEIF($AC:$AC,H15,$AK:$AK)=0,"",SUMIF($AC:$AC,H15,$AH:$AH)/SUMIF($AC:$AC,H15,$AI:$AI)),""),IFERROR(_xlfn.XLOOKUP(H15,$T:$T,$AA:$AA),"")) | N15: BTG-Fax Review | O15: =IF(IFERROR(_xlfn.XLOOKUP($N15,$T:$T,$Y:$Y),"")="",IFERROR(IF(SUMIF($AC:$AC,$N15,$AI:$AI)=0,"",SUMIF($AC:$AC,$N15,$AI:$AI)),""),IFERROR(_xlfn.XLOOKUP($N15,$T:$T,$Y:$Y),"")) | P15: =IF(IFERROR(_xlfn.XLOOKUP($N15,$T:$T,$W:$W),"")="",IFERROR(IF(SUMIF($AC:$AC,$N15,$AG:$AG)=0,"",SUMIF($AC:$AC,$N15,$AG:$AG)),""),IFERROR(_xlfn.XLOOKUP($N15,$T:$T,$W:$W),"")) | Q15: =IF(IFERROR(_xlfn.XLOOKUP($N15,$T:$T,$X:$X),"")="",IFERROR(IF(SUMIF($AC:$AC,$N15,$AH:$AH)=0,"",SUMIF($AC:$AC,$N15,$AH:$AH)),""),IFERROR(_xlfn.XLOOKUP($N15,$T:$T,$X:$X),"")) | R15: =IF(IFERROR(_xlfn.XLOOKUP(N15,$T:$T,$AA:$AA),"")="",IFERROR(IF(AVERAGEIF($AC:$AC,N15,$AK:$AK)=0,"",SUMIF($AC:$AC,N15,$AH:$AH)/SUMIF($AC:$AC,N15,$AI:$AI)),""),IFERROR(_xlfn.XLOOKUP(N15,$T:$T,$AA:$AA),"")) | T15: =_xlfn.CONCAT(U15,"-",V15) -> ILO-VSA | U15: ILO | V15: VSA | W15: 359 | X15: 63 | Y15: 17.5144 | Z15: 20.497419 | AA15: 3.5970401 | AC15: =_xlfn.CONCAT(AD15,"-",AE15) -> ILO-Fax Mapping | AD15: ILO | AE15: Fax Mapping | AF15: Reymar Brunda | AG15: 4 | AH15: 30 | AI15: 1.3722 | AJ15: 2.915027 | AK15: 21.862702
B16: BCD-Doctor Match | C16: =IF(IFERROR(_xlfn.XLOOKUP($B16,$T:$T,$Y:$Y),"")="",IFERROR(IF(SUMIF($AC:$AC,$B16,$AI:$AI)=0,"",SUMIF($AC:$AC,$B16,$AI:$AI)),""),IFERROR(_xlfn.XLOOKUP($B16,$T:$T,$Y:$Y),"")) -> 21.0973 | D16: =IF(IFERROR(_xlfn.XLOOKUP($B16,$T:$T,$W:$W),"")="",IFERROR(IF(SUMIF($AC:$AC,$B16,$AG:$AG)=0,"",SUMIF($AC:$AC,$B16,$AG:$AG)),""),IFERROR(_xlfn.XLOOKUP($B16,$T:$T,$W:$W),"")) -> 28 | E16: =IF(IFERROR(_xlfn.XLOOKUP($B16,$T:$T,$X:$X),"")="",IFERROR(IF(SUMIF($AC:$AC,$B16,$AH:$AH)=0,"",SUMIF($AC:$AC,$B16,$AH:$AH)),""),IFERROR(_xlfn.XLOOKUP($B16,$T:$T,$X:$X),"")) -> 239 | F16: =IFERROR(D16/C16,"") -> 1.327184 | H16: ILO-Doctor Match | I16: =IF(IFERROR(_xlfn.XLOOKUP($H16,$T:$T,$Y:$Y),"")="",IFERROR(IF(SUMIF($AC:$AC,$H16,$AI:$AI)=0,"",SUMIF($AC:$AC,$H16,$AI:$AI)),""),IFERROR(_xlfn.XLOOKUP($H16,$T:$T,$Y:$Y),"")) -> 19.1083 | J16: =IF(IFERROR(_xlfn.XLOOKUP($H16,$T:$T,$W:$W),"")="",IFERROR(IF(SUMIF($AC:$AC,$H16,$AG:$AG)=0,"",SUMIF($AC:$AC,$H16,$AG:$AG)),""),IFERROR(_xlfn.XLOOKUP($H16,$T:$T,$W:$W),"")) -> 40 | K16: =IF(IFERROR(_xlfn.XLOOKUP($H16,$T:$T,$X:$X),"")="",IFERROR(IF(SUMIF($AC:$AC,$H16,$AH:$AH)=0,"",SUMIF($AC:$AC,$H16,$AH:$AH)),""),IFERROR(_xlfn.XLOOKUP($H16,$T:$T,$X:$X),"")) -> 277 | L16: =IFERROR(J16/I16,"") -> 2.0933312 | N16: BTG-Doctor Match | O16: =IF(IFERROR(_xlfn.XLOOKUP($N16,$T:$T,$Y:$Y),"")="",IFERROR(IF(SUMIF($AC:$AC,$N16,$AI:$AI)=0,"",SUMIF($AC:$AC,$N16,$AI:$AI)),""),IFERROR(_xlfn.XLOOKUP($N16,$T:$T,$Y:$Y),"")) -> 36.0406 | P16: =IF(IFERROR(_xlfn.XLOOKUP($N16,$T:$T,$W:$W),"")="",IFERROR(IF(SUMIF($AC:$AC,$N16,$AG:$AG)=0,"",SUMIF($AC:$AC,$N16,$AG:$AG)),""),IFERROR(_xlfn.XLOOKUP($N16,$T:$T,$W:$W),"")) -> 67 | Q16: =IF(IFERROR(_xlfn.XLOOKUP($N16,$T:$T,$X:$X),"")="",IFERROR(IF(SUMIF($AC:$AC,$N16,$AH:$AH)=0,"",SUMIF($AC:$AC,$N16,$AH:$AH)),""),IFERROR(_xlfn.XLOOKUP($N16,$T:$T,$X:$X),"")) -> 240 | R16: =IFERROR(P16/O16,"") -> 1.8590146 | T16: =_xlfn.CONCAT(U16,"-",V16) -> ILO-Doctor Research | U16: ILO | V16: Doctor Research | W16: 67 | X16: 67 | Y16: 5.9925 | Z16: 11.180642 | AA16: 11.180642 | AC16: =_xlfn.CONCAT(AD16,"-",AE16) -> ILO-Fax Mapping | AD16: ILO | AE16: Fax Mapping | AF16: Ricksie Jean DelaCruz | AG16: 1 | AH16: 11 | AI16: 0.4017 | AJ16: 2.48942 | AK16: 27.38362
B17: BCD-Blank Held | C17: =IF(IFERROR(_xlfn.XLOOKUP($B17,$T:$T,$Y:$Y),"")="",IFERROR(IF(SUMIF($AC:$AC,$B17,$AI:$AI)=0,"",SUMIF($AC:$AC,$B17,$AI:$AI)),""),IFERROR(_xlfn.XLOOKUP($B17,$T:$T,$Y:$Y),"")) -> 3.9328 | D17: =IF(IFERROR(_xlfn.XLOOKUP($B17,$T:$T,$W:$W),"")="",IFERROR(IF(SUMIF($AC:$AC,$B17,$AG:$AG)=0,"",SUMIF($AC:$AC,$B17,$AG:$AG)),""),IFERROR(_xlfn.XLOOKUP($B17,$T:$T,$W:$W),"")) -> 38 | E17: =IF(IFERROR(_xlfn.XLOOKUP($B17,$T:$T,$X:$X),"")="",IFERROR(IF(SUMIF($AC:$AC,$B17,$AH:$AH)=0,"",SUMIF($AC:$AC,$B17,$AH:$AH)),""),IFERROR(_xlfn.XLOOKUP($B17,$T:$T,$X:$X),"")) -> 31 | F17: =IFERROR(D17/C17,"") -> 9.6623271 | H17: ILO-Blank Held | I17: =IF(IFERROR(_xlfn.XLOOKUP($H17,$T:$T,$Y:$Y),"")="",IFERROR(IF(SUMIF($AC:$AC,$H17,$AI:$AI)=0,"",SUMIF($AC:$AC,$H17,$AI:$AI)),""),IFERROR(_xlfn.XLOOKUP($H17,$T:$T,$Y:$Y),"")) | J17: =IF(IFERROR(_xlfn.XLOOKUP($H17,$T:$T,$W:$W),"")="",IFERROR(IF(SUMIF($AC:$AC,$H17,$AG:$AG)=0,"",SUMIF($AC:$AC,$H17,$AG:$AG)),""),IFERROR(_xlfn.XLOOKUP($H17,$T:$T,$W:$W),"")) | K17: =IF(IFERROR(_xlfn.XLOOKUP($H17,$T:$T,$X:$X),"")="",IFERROR(IF(SUMIF($AC:$AC,$H17,$AH:$AH)=0,"",SUMIF($AC:$AC,$H17,$AH:$AH)),""),IFERROR(_xlfn.XLOOKUP($H17,$T:$T,$X:$X),"")) | L17: =IFERROR(J17/I17,"") | N17: BTG-Blank Held | O17: =IF(IFERROR(_xlfn.XLOOKUP($N17,$T:$T,$Y:$Y),"")="",IFERROR(IF(SUMIF($AC:$AC,$N17,$AI:$AI)=0,"",SUMIF($AC:$AC,$N17,$AI:$AI)),""),IFERROR(_xlfn.XLOOKUP($N17,$T:$T,$Y:$Y),"")) | P17: =IF(IFERROR(_xlfn.XLOOKUP($N17,$T:$T,$W:$W),"")="",IFERROR(IF(SUMIF($AC:$AC,$N17,$AG:$AG)=0,"",SUMIF($AC:$AC,$N17,$AG:$AG)),""),IFERROR(_xlfn.XLOOKUP($N17,$T:$T,$W:$W),"")) | Q17: =IF(IFERROR(_xlfn.XLOOKUP($N17,$T:$T,$X:$X),"")="",IFERROR(IF(SUMIF($AC:$AC,$N17,$AH:$AH)=0,"",SUMIF($AC:$AC,$N17,$AH:$AH)),""),IFERROR(_xlfn.XLOOKUP($N17,$T:$T,$X:$X),"")) | R17: =IFERROR(P17/O17,"") | T17: =_xlfn.CONCAT(U17,"-",V17) -> ILO-ARM | U17: ILO | V17: ARM | W17: 405 | X17: 52 | Y17: 26.2502 | Z17: 15.428454 | AA17: 1.9809373 | AC17: =_xlfn.CONCAT(AD17,"-",AE17) -> ILO-Confirmed Sales | AD17: ILO | AE17: Confirmed Sales | AF17: Shara Marie Baler | AG17: 9 | AH17: 5 | AI17: 0.7386 | AJ17: 12.185215 | AK17: 6.769564
B18: BCD-Aging | C18: =IF(IFERROR(_xlfn.XLOOKUP($B18,$T:$T,$Y:$Y),"")="",IFERROR(IF(SUMIF($AC:$AC,$B18,$AI:$AI)=0,"",SUMIF($AC:$AC,$B18,$AI:$AI)),""),IFERROR(_xlfn.XLOOKUP($B18,$T:$T,$Y:$Y),"")) -> 3.3519 | D18: =IF(IFERROR(_xlfn.XLOOKUP($B18,$T:$T,$W:$W),"")="",IFERROR(IF(SUMIF($AC:$AC,$B18,$AG:$AG)=0,"",SUMIF($AC:$AC,$B18,$AG:$AG)),""),IFERROR(_xlfn.XLOOKUP($B18,$T:$T,$W:$W),"")) -> 54 | E18: =IF(IFERROR(_xlfn.XLOOKUP($B18,$T:$T,$X:$X),"")="",IFERROR(IF(SUMIF($AC:$AC,$B18,$AH:$AH)=0,"",SUMIF($AC:$AC,$B18,$AH:$AH)),""),IFERROR(_xlfn.XLOOKUP($B18,$T:$T,$X:$X),"")) -> 12 | F18: =IFERROR(D18/C18,"") -> 16.110266 | H18: ILO-Aging | I18: =IF(IFERROR(_xlfn.XLOOKUP($H18,$T:$T,$Y:$Y),"")="",IFERROR(IF(SUMIF($AC:$AC,$H18,$AI:$AI)=0,"",SUMIF($AC:$AC,$H18,$AI:$AI)),""),IFERROR(_xlfn.XLOOKUP($H18,$T:$T,$Y:$Y),"")) -> 3.1208 | J18: =IF(IFERROR(_xlfn.XLOOKUP($H18,$T:$T,$W:$W),"")="",IFERROR(IF(SUMIF($AC:$AC,$H18,$AG:$AG)=0,"",SUMIF($AC:$AC,$H18,$AG:$AG)),""),IFERROR(_xlfn.XLOOKUP($H18,$T:$T,$W:$W),"")) -> 53 | K18: =IF(IFERROR(_xlfn.XLOOKUP($H18,$T:$T,$X:$X),"")="",IFERROR(IF(SUMIF($AC:$AC,$H18,$AH:$AH)=0,"",SUMIF($AC:$AC,$H18,$AH:$AH)),""),IFERROR(_xlfn.XLOOKUP($H18,$T:$T,$X:$X),"")) -> 9 | L18: =IFERROR(J18/I18,"") -> 16.982825 | N18: BTG-Aging | O18: =IF(IFERROR(_xlfn.XLOOKUP($N18,$T:$T,$Y:$Y),"")="",IFERROR(IF(SUMIF($AC:$AC,$N18,$AI:$AI)=0,"",SUMIF($AC:$AC,$N18,$AI:$AI)),""),IFERROR(_xlfn.XLOOKUP($N18,$T:$T,$Y:$Y),"")) -> 2.6653 | P18: =IF(IFERROR(_xlfn.XLOOKUP($N18,$T:$T,$W:$W),"")="",IFERROR(IF(SUMIF($AC:$AC,$N18,$AG:$AG)=0,"",SUMIF($AC:$AC,$N18,$AG:$AG)),""),IFERROR(_xlfn.XLOOKUP($N18,$T:$T,$W:$W),"")) -> 32 | Q18: =IF(IFERROR(_xlfn.XLOOKUP($N18,$T:$T,$X:$X),"")="",IFERROR(IF(SUMIF($AC:$AC,$N18,$AH:$AH)=0,"",SUMIF($AC:$AC,$N18,$AH:$AH)),""),IFERROR(_xlfn.XLOOKUP($N18,$T:$T,$X:$X),"")) -> 8 | R18: =IFERROR(P18/O18,"") -> 12.006153 | T18: =_xlfn.CONCAT(U18,"-",V18) -> ILO-Doctor Match | U18: ILO | V18: Doctor Match | W18: 40 | X18: 277 | Y18: 19.1083 | Z18: 2.0933312 | AA18: 14.496318 | AC18: =_xlfn.CONCAT(AD18,"-",AE18) -> ILO-Confirmed Sales | AD18: ILO | AE18: Confirmed Sales | AF18: Wellyn Grace Cayme | AG18: 0 | AH18: 0 | AI18: 0.0011 | AJ18: 0 | AK18: 0
B19: BCD-UHC Special Project | C19: =IF(IFERROR(_xlfn.XLOOKUP($B19,$T:$T,$Y:$Y),"")="",IFERROR(IF(SUMIF($AC:$AC,$B19,$AI:$AI)=0,"",SUMIF($AC:$AC,$B19,$AI:$AI)),""),IFERROR(_xlfn.XLOOKUP($B19,$T:$T,$Y:$Y),"")) | D19: =IF(IFERROR(_xlfn.XLOOKUP($B19,$T:$T,$W:$W),"")="",IFERROR(IF(SUMIF($AC:$AC,$B19,$AG:$AG)=0,"",SUMIF($AC:$AC,$B19,$AG:$AG)),""),IFERROR(_xlfn.XLOOKUP($B19,$T:$T,$W:$W),"")) | E19: =IF(IFERROR(_xlfn.XLOOKUP($B19,$T:$T,$X:$X),"")="",IFERROR(IF(SUMIF($AC:$AC,$B19,$AH:$AH)=0,"",SUMIF($AC:$AC,$B19,$AH:$AH)),""),IFERROR(_xlfn.XLOOKUP($B19,$T:$T,$X:$X),"")) | F19: =IFERROR(D19/C19,"") | H19: ILO-UHC Special Project | I19: =IF(IFERROR(_xlfn.XLOOKUP($H19,$T:$T,$Y:$Y),"")="",IFERROR(IF(SUMIF($AC:$AC,$H19,$AI:$AI)=0,"",SUMIF($AC:$AC,$H19,$AI:$AI)),""),IFERROR(_xlfn.XLOOKUP($H19,$T:$T,$Y:$Y),"")) | J19: =IF(IFERROR(_xlfn.XLOOKUP($H19,$T:$T,$W:$W),"")="",IFERROR(IF(SUMIF($AC:$AC,$H19,$AG:$AG)=0,"",SUMIF($AC:$AC,$H19,$AG:$AG)),""),IFERROR(_xlfn.XLOOKUP($H19,$T:$T,$W:$W),"")) | K19: =IF(IFERROR(_xlfn.XLOOKUP($H19,$T:$T,$X:$X),"")="",IFERROR(IF(SUMIF($AC:$AC,$H19,$AH:$AH)=0,"",SUMIF($AC:$AC,$H19,$AH:$AH)),""),IFERROR(_xlfn.XLOOKUP($H19,$T:$T,$X:$X),"")) | L19: =IFERROR(J19/I19,"") | N19: BTG-UHC Special Project | O19: =IF(IFERROR(_xlfn.XLOOKUP($N19,$T:$T,$Y:$Y),"")="",IFERROR(IF(SUMIF($AC:$AC,$N19,$AI:$AI)=0,"",SUMIF($AC:$AC,$N19,$AI:$AI)),""),IFERROR(_xlfn.XLOOKUP($N19,$T:$T,$Y:$Y),"")) | P19: =IF(IFERROR(_xlfn.XLOOKUP($N19,$T:$T,$W:$W),"")="",IFERROR(IF(SUMIF($AC:$AC,$N19,$AG:$AG)=0,"",SUMIF($AC:$AC,$N19,$AG:$AG)),""),IFERROR(_xlfn.XLOOKUP($N19,$T:$T,$W:$W),"")) | Q19: =IF(IFERROR(_xlfn.XLOOKUP($N19,$T:$T,$X:$X),"")="",IFERROR(IF(SUMIF($AC:$AC,$N19,$AH:$AH)=0,"",SUMIF($AC:$AC,$N19,$AH:$AH)),""),IFERROR(_xlfn.XLOOKUP($N19,$T:$T,$X:$X),"")) | R19: =IFERROR(P19/O19,"") | T19: =_xlfn.CONCAT(U19,"-",V19) -> ILO-DCAH | U19: ILO | V19: DCAH | W19: 41 | X19: 2 | Y19: 4.8122 | Z19: 8.5200116 | AA19: 0.41561032 | AC19: =_xlfn.CONCAT(AD19,"-",AE19) -> ILO-Fax Research | AD19: ILO | AE19: Fax Research | AF19: Ricky Mendiro | AG19: 8 | AH19: 15 | AI19: 0.3917 | AJ19: 20.423794 | AK19: 38.294613
B20: BCD-Inbound Call | C20: =IF(IFERROR(_xlfn.XLOOKUP($B20,$T:$T,$Y:$Y),"")="",IFERROR(IF(SUMIF($AC:$AC,$B20,$AI:$AI)=0,"",SUMIF($AC:$AC,$B20,$AI:$AI)),""),IFERROR(_xlfn.XLOOKUP($B20,$T:$T,$Y:$Y),"")) | D20: =IF(IFERROR(_xlfn.XLOOKUP($B20,$T:$T,$W:$W),"")="",IFERROR(IF(SUMIF($AC:$AC,$B20,$AG:$AG)=0,"",SUMIF($AC:$AC,$B20,$AG:$AG)),""),IFERROR(_xlfn.XLOOKUP($B20,$T:$T,$W:$W),"")) | E20: =IF(IFERROR(_xlfn.XLOOKUP($B20,$T:$T,$X:$X),"")="",IFERROR(IF(SUMIF($AC:$AC,$B20,$AH:$AH)=0,"",SUMIF($AC:$AC,$B20,$AH:$AH)),""),IFERROR(_xlfn.XLOOKUP($B20,$T:$T,$X:$X),"")) | F20: =IFERROR(D20/C20,"") | H20: ILO-Inbound Call | I20: =IF(IFERROR(_xlfn.XLOOKUP($H20,$T:$T,$Y:$Y),"")="",IFERROR(IF(SUMIF($AC:$AC,$H20,$AI:$AI)=0,"",SUMIF($AC:$AC,$H20,$AI:$AI)),""),IFERROR(_xlfn.XLOOKUP($H20,$T:$T,$Y:$Y),"")) | J20: =IF(IFERROR(_xlfn.XLOOKUP($H20,$T:$T,$W:$W),"")="",IFERROR(IF(SUMIF($AC:$AC,$H20,$AG:$AG)=0,"",SUMIF($AC:$AC,$H20,$AG:$AG)),""),IFERROR(_xlfn.XLOOKUP($H20,$T:$T,$W:$W),"")) | K20: =IF(IFERROR(_xlfn.XLOOKUP($H20,$T:$T,$X:$X),"")="",IFERROR(IF(SUMIF($AC:$AC,$H20,$AH:$AH)=0,"",SUMIF($AC:$AC,$H20,$AH:$AH)),""),IFERROR(_xlfn.XLOOKUP($H20,$T:$T,$X:$X),"")) | L20: =IFERROR(J20/I20,"") | N20: BTG-Inbound Call | O20: =IF(IFERROR(_xlfn.XLOOKUP($N20,$T:$T,$Y:$Y),"")="",IFERROR(IF(SUMIF($AC:$AC,$N20,$AI:$AI)=0,"",SUMIF($AC:$AC,$N20,$AI:$AI)),""),IFERROR(_xlfn.XLOOKUP($N20,$T:$T,$Y:$Y),"")) | P20: =IF(IFERROR(_xlfn.XLOOKUP($N20,$T:$T,$W:$W),"")="",IFERROR(IF(SUMIF($AC:$AC,$N20,$AG:$AG)=0,"",SUMIF($AC:$AC,$N20,$AG:$AG)),""),IFERROR(_xlfn.XLOOKUP($N20,$T:$T,$W:$W),"")) | Q20: =IF(IFERROR(_xlfn.XLOOKUP($N20,$T:$T,$X:$X),"")="",IFERROR(IF(SUMIF($AC:$AC,$N20,$AH:$AH)=0,"",SUMIF($AC:$AC,$N20,$AH:$AH)),""),IFERROR(_xlfn.XLOOKUP($N20,$T:$T,$X:$X),"")) | R20: =IFERROR(P20/O20,"") | T20: =_xlfn.CONCAT(U20,"-",V20) -> ILO-Aging | U20: ILO | V20: Aging | W20: 53 | X20: 9 | Y20: 3.1208 | Z20: 16.982825 | AA20: 2.8838759 | AC20: =_xlfn.CONCAT(AD20,"-",AE20) -> ILO-Fax Review | AD20: ILO | AE20: Fax Review | AF20: Support Fredelyn Guidon Onday | AG20: 0 | AH20: 0 | AI20: 3.8092 | AJ20: 0 | AK20: 0
B21: BCD-CDT review | C21: =IF(IFERROR(_xlfn.XLOOKUP($B21,$T:$T,$Y:$Y),"")="",IFERROR(IF(SUMIF($AC:$AC,$B21,$AI:$AI)=0,"",SUMIF($AC:$AC,$B21,$AI:$AI)),""),IFERROR(_xlfn.XLOOKUP($B21,$T:$T,$Y:$Y),"")) | D21: =IF(IFERROR(_xlfn.XLOOKUP($B21,$T:$T,$W:$W),"")="",IFERROR(IF(SUMIF($AC:$AC,$B21,$AG:$AG)=0,"",SUMIF($AC:$AC,$B21,$AG:$AG)),""),IFERROR(_xlfn.XLOOKUP($B21,$T:$T,$W:$W),"")) | E21: =IF(IFERROR(_xlfn.XLOOKUP($B21,$T:$T,$X:$X),"")="",IFERROR(IF(SUMIF($AC:$AC,$B21,$AH:$AH)=0,"",SUMIF($AC:$AC,$B21,$AH:$AH)),""),IFERROR(_xlfn.XLOOKUP($B21,$T:$T,$X:$X),"")) | F21: =IFERROR(D21/C21,"") | H21: ILO-CDT review | I21: =IF(IFERROR(_xlfn.XLOOKUP($H21,$T:$T,$Y:$Y),"")="",IFERROR(IF(SUMIF($AC:$AC,$H21,$AI:$AI)=0,"",SUMIF($AC:$AC,$H21,$AI:$AI)),""),IFERROR(_xlfn.XLOOKUP($H21,$T:$T,$Y:$Y),"")) -> 3.2728 | J21: =IF(IFERROR(_xlfn.XLOOKUP($H21,$T:$T,$W:$W),"")="",IFERROR(IF(SUMIF($AC:$AC,$H21,$AG:$AG)=0,"",SUMIF($AC:$AC,$H21,$AG:$AG)),""),IFERROR(_xlfn.XLOOKUP($H21,$T:$T,$W:$W),"")) -> 8 | K21: =IF(IFERROR(_xlfn.XLOOKUP($H21,$T:$T,$X:$X),"")="",IFERROR(IF(SUMIF($AC:$AC,$H21,$AH:$AH)=0,"",SUMIF($AC:$AC,$H21,$AH:$AH)),""),IFERROR(_xlfn.XLOOKUP($H21,$T:$T,$X:$X),"")) -> 40 | L21: =IFERROR(J21/I21,"") -> 2.4443901 | N21: BTG-CDT review | O21: =IF(IFERROR(_xlfn.XLOOKUP($N21,$T:$T,$Y:$Y),"")="",IFERROR(IF(SUMIF($AC:$AC,$N21,$AI:$AI)=0,"",SUMIF($AC:$AC,$N21,$AI:$AI)),""),IFERROR(_xlfn.XLOOKUP($N21,$T:$T,$Y:$Y),"")) | P21: =IF(IFERROR(_xlfn.XLOOKUP($N21,$T:$T,$W:$W),"")="",IFERROR(IF(SUMIF($AC:$AC,$N21,$AG:$AG)=0,"",SUMIF($AC:$AC,$N21,$AG:$AG)),""),IFERROR(_xlfn.XLOOKUP($N21,$T:$T,$W:$W),"")) | Q21: =IF(IFERROR(_xlfn.XLOOKUP($N21,$T:$T,$X:$X),"")="",IFERROR(IF(SUMIF($AC:$AC,$N21,$AH:$AH)=0,"",SUMIF($AC:$AC,$N21,$AH:$AH)),""),IFERROR(_xlfn.XLOOKUP($N21,$T:$T,$X:$X),"")) | R21: =IFERROR(P21/O21,"") | T21: =_xlfn.CONCAT(U21,"-",V21) -> ILO-Fax Research | U21: ILO | V21: Fax Research | W21: 8 | X21: 15 | Y21: 0.3917 | Z21: 20.423794 | AA21: 38.294613 | AC21: =_xlfn.CONCAT(AD21,"-",AE21) -> ILO-ARM | AD21: ILO | AE21: ARM | AF21: Reynald Jomadiao | AG21: 70 | AH21: 8 | AI21: 2.7631 | AJ21: 25.333864 | AK21: 2.8952988
B22: BCD-Atrisk | C22: =IF(IFERROR(_xlfn.XLOOKUP($B22,$T:$T,$Y:$Y),"")="",IFERROR(IF(SUMIF($AC:$AC,$B22,$AI:$AI)=0,"",SUMIF($AC:$AC,$B22,$AI:$AI)),""),IFERROR(_xlfn.XLOOKUP($B22,$T:$T,$Y:$Y),"")) | D22: =IF(IFERROR(_xlfn.XLOOKUP($B22,$T:$T,$W:$W),"")="",IFERROR(IF(SUMIF($AC:$AC,$B22,$AG:$AG)=0,"",SUMIF($AC:$AC,$B22,$AG:$AG)),""),IFERROR(_xlfn.XLOOKUP($B22,$T:$T,$W:$W),"")) | E22: =IF(IFERROR(_xlfn.XLOOKUP($B22,$T:$T,$X:$X),"")="",IFERROR(IF(SUMIF($AC:$AC,$B22,$AH:$AH)=0,"",SUMIF($AC:$AC,$B22,$AH:$AH)),""),IFERROR(_xlfn.XLOOKUP($B22,$T:$T,$X:$X),"")) | F22: =IFERROR(D22/C22,"") | H22: ILO-Atrisk | I22: =IF(IFERROR(_xlfn.XLOOKUP($H22,$T:$T,$Y:$Y),"")="",IFERROR(IF(SUMIF($AC:$AC,$H22,$AI:$AI)=0,"",SUMIF($AC:$AC,$H22,$AI:$AI)),""),IFERROR(_xlfn.XLOOKUP($H22,$T:$T,$Y:$Y),"")) | J22: =IF(IFERROR(_xlfn.XLOOKUP($H22,$T:$T,$W:$W),"")="",IFERROR(IF(SUMIF($AC:$AC,$H22,$AG:$AG)=0,"",SUMIF($AC:$AC,$H22,$AG:$AG)),""),IFERROR(_xlfn.XLOOKUP($H22,$T:$T,$W:$W),"")) | K22: =IF(IFERROR(_xlfn.XLOOKUP($H22,$T:$T,$X:$X),"")="",IFERROR(IF(SUMIF($AC:$AC,$H22,$AH:$AH)=0,"",SUMIF($AC:$AC,$H22,$AH:$AH)),""),IFERROR(_xlfn.XLOOKUP($H22,$T:$T,$X:$X),"")) | L22: =IFERROR(J22/I22,"") | N22: BTG-Atrisk | O22: =IF(IFERROR(_xlfn.XLOOKUP($N22,$T:$T,$Y:$Y),"")="",IFERROR(IF(SUMIF($AC:$AC,$N22,$AI:$AI)=0,"",SUMIF($AC:$AC,$N22,$AI:$AI)),""),IFERROR(_xlfn.XLOOKUP($N22,$T:$T,$Y:$Y),"")) | P22: =IF(IFERROR(_xlfn.XLOOKUP($N22,$T:$T,$W:$W),"")="",IFERROR(IF(SUMIF($AC:$AC,$N22,$AG:$AG)=0,"",SUMIF($AC:$AC,$N22,$AG:$AG)),""),IFERROR(_xlfn.XLOOKUP($N22,$T:$T,$W:$W),"")) | Q22: =IF(IFERROR(_xlfn.XLOOKUP($N22,$T:$T,$X:$X),"")="",IFERROR(IF(SUMIF($AC:$AC,$N22,$AH:$AH)=0,"",SUMIF($AC:$AC,$N22,$AH:$AH)),""),IFERROR(_xlfn.XLOOKUP($N22,$T:$T,$X:$X),"")) | R22: =IFERROR(P22/O22,"") | T22: =_xlfn.CONCAT(U22,"-",V22) -> ILO-Rework | U22: ILO | V22: Rework | W22: 22 | X22: 4 | Y22: 2.145 | Z22: 10.25641 | AA22: 1.8648019 | AC22: =_xlfn.CONCAT(AD22,"-",AE22) -> ILO-ARM | AD22: ILO | AE22: ARM | AF22: Hanz Kimcy Esing | AG22: 71 | AH22: 10 | AI22: 3.5206 | AJ22: 20.167017 | AK22: 2.8404249
B23: BCD-No Mask | C23: =IF(IFERROR(_xlfn.XLOOKUP($B23,$T:$T,$Y:$Y),"")="",IFERROR(IF(SUMIF($AC:$AC,$B23,$AI:$AI)=0,"",SUMIF($AC:$AC,$B23,$AI:$AI)),""),IFERROR(_xlfn.XLOOKUP($B23,$T:$T,$Y:$Y),"")) | D23: =IF(IFERROR(_xlfn.XLOOKUP($B23,$T:$T,$W:$W),"")="",IFERROR(IF(SUMIF($AC:$AC,$B23,$AG:$AG)=0,"",SUMIF($AC:$AC,$B23,$AG:$AG)),""),IFERROR(_xlfn.XLOOKUP($B23,$T:$T,$W:$W),"")) | E23: =IF(IFERROR(_xlfn.XLOOKUP($B23,$T:$T,$X:$X),"")="",IFERROR(IF(SUMIF($AC:$AC,$B23,$AH:$AH)=0,"",SUMIF($AC:$AC,$B23,$AH:$AH)),""),IFERROR(_xlfn.XLOOKUP($B23,$T:$T,$X:$X),"")) | F23: =IFERROR(D23/C23,"") | H23: ILO-No Mask | I23: =IF(IFERROR(_xlfn.XLOOKUP($H23,$T:$T,$Y:$Y),"")="",IFERROR(IF(SUMIF($AC:$AC,$H23,$AI:$AI)=0,"",SUMIF($AC:$AC,$H23,$AI:$AI)),""),IFERROR(_xlfn.XLOOKUP($H23,$T:$T,$Y:$Y),"")) | J23: =IF(IFERROR(_xlfn.XLOOKUP($H23,$T:$T,$W:$W),"")="",IFERROR(IF(SUMIF($AC:$AC,$H23,$AG:$AG)=0,"",SUMIF($AC:$AC,$H23,$AG:$AG)),""),IFERROR(_xlfn.XLOOKUP($H23,$T:$T,$W:$W),"")) | K23: =IF(IFERROR(_xlfn.XLOOKUP($H23,$T:$T,$X:$X),"")="",IFERROR(IF(SUMIF($AC:$AC,$H23,$AH:$AH)=0,"",SUMIF($AC:$AC,$H23,$AH:$AH)),""),IFERROR(_xlfn.XLOOKUP($H23,$T:$T,$X:$X),"")) | L23: =IFERROR(J23/I23,"") | N23: BTG-No Mask | O23: =IF(IFERROR(_xlfn.XLOOKUP($N23,$T:$T,$Y:$Y),"")="",IFERROR(IF(SUMIF($AC:$AC,$N23,$AI:$AI)=0,"",SUMIF($AC:$AC,$N23,$AI:$AI)),""),IFERROR(_xlfn.XLOOKUP($N23,$T:$T,$Y:$Y),"")) | P23: =IF(IFERROR(_xlfn.XLOOKUP($N23,$T:$T,$W:$W),"")="",IFERROR(IF(SUMIF($AC:$AC,$N23,$AG:$AG)=0,"",SUMIF($AC:$AC,$N23,$AG:$AG)),""),IFERROR(_xlfn.XLOOKUP($N23,$T:$T,$W:$W),"")) | Q23: =IF(IFERROR(_xlfn.XLOOKUP($N23,$T:$T,$X:$X),"")="",IFERROR(IF(SUMIF($AC:$AC,$N23,$AH:$AH)=0,"",SUMIF($AC:$AC,$N23,$AH:$AH)),""),IFERROR(_xlfn.XLOOKUP($N23,$T:$T,$X:$X),"")) | R23: =IFERROR(P23/O23,"") | T23: =_xlfn.CONCAT(U23,"-",V23) -> Grand Total- | U23: Grand Total | W23: 3209 | X23: 1327 | Y23: 370.1425 | Z23: 8.669634 | AA23: 3.5851057 | AC23: =_xlfn.CONCAT(AD23,"-",AE23) -> ILO-ARM | AD23: ILO | AE23: ARM | AF23: Sherlem Tonio | AG23: 77 | AH23: 15 | AI23: 4.7297 | AJ23: 16.280102 | AK23: 3.1714485
B24: BCD-PAR RX Review | C24: =IF(IFERROR(_xlfn.XLOOKUP($B24,$T:$T,$Y:$Y),"")="",IFERROR(IF(SUMIF($AC:$AC,$B24,$AI:$AI)=0,"",SUMIF($AC:$AC,$B24,$AI:$AI)),""),IFERROR(_xlfn.XLOOKUP($B24,$T:$T,$Y:$Y),"")) | D24: =IF(IFERROR(_xlfn.XLOOKUP($B24,$T:$T,$W:$W),"")="",IFERROR(IF(SUMIF($AC:$AC,$B24,$AG:$AG)=0,"",SUMIF($AC:$AC,$B24,$AG:$AG)),""),IFERROR(_xlfn.XLOOKUP($B24,$T:$T,$W:$W),"")) | E24: =IF(IFERROR(_xlfn.XLOOKUP($B24,$T:$T,$X:$X),"")="",IFERROR(IF(SUMIF($AC:$AC,$B24,$AH:$AH)=0,"",SUMIF($AC:$AC,$B24,$AH:$AH)),""),IFERROR(_xlfn.XLOOKUP($B24,$T:$T,$X:$X),"")) | F24: =IFERROR(D24/C24,"") | H24: ILO-PAR RX Review | I24: =IF(IFERROR(_xlfn.XLOOKUP($H24,$T:$T,$Y:$Y),"")="",IFERROR(IF(SUMIF($AC:$AC,$H24,$AI:$AI)=0,"",SUMIF($AC:$AC,$H24,$AI:$AI)),""),IFERROR(_xlfn.XLOOKUP($H24,$T:$T,$Y:$Y),"")) | J24: =IF(IFERROR(_xlfn.XLOOKUP($H24,$T:$T,$W:$W),"")="",IFERROR(IF(SUMIF($AC:$AC,$H24,$AG:$AG)=0,"",SUMIF($AC:$AC,$H24,$AG:$AG)),""),IFERROR(_xlfn.XLOOKUP($H24,$T:$T,$W:$W),"")) | K24: =IF(IFERROR(_xlfn.XLOOKUP($H24,$T:$T,$X:$X),"")="",IFERROR(IF(SUMIF($AC:$AC,$H24,$AH:$AH)=0,"",SUMIF($AC:$AC,$H24,$AH:$AH)),""),IFERROR(_xlfn.XLOOKUP($H24,$T:$T,$X:$X),"")) | L24: =IFERROR(J24/I24,"") | N24: BTG-PAR RX Review | O24: =IF(IFERROR(_xlfn.XLOOKUP($N24,$T:$T,$Y:$Y),"")="",IFERROR(IF(SUMIF($AC:$AC,$N24,$AI:$AI)=0,"",SUMIF($AC:$AC,$N24,$AI:$AI)),""),IFERROR(_xlfn.XLOOKUP($N24,$T:$T,$Y:$Y),"")) | P24: =IF(IFERROR(_xlfn.XLOOKUP($N24,$T:$T,$W:$W),"")="",IFERROR(IF(SUMIF($AC:$AC,$N24,$AG:$AG)=0,"",SUMIF($AC:$AC,$N24,$AG:$AG)),""),IFERROR(_xlfn.XLOOKUP($N24,$T:$T,$W:$W),"")) | Q24: =IF(IFERROR(_xlfn.XLOOKUP($N24,$T:$T,$X:$X),"")="",IFERROR(IF(SUMIF($AC:$AC,$N24,$AH:$AH)=0,"",SUMIF($AC:$AC,$N24,$AH:$AH)),""),IFERROR(_xlfn.XLOOKUP($N24,$T:$T,$X:$X),"")) | R24: =IFERROR(P24/O24,"") | T24: =_xlfn.CONCAT(U24,"-",V24) -> - | AC24: =_xlfn.CONCAT(AD24,"-",AE24) -> ILO-ARM | AD24: ILO | AE24: ARM | AF24: Arabella Joy Borromeo | AG24: 15 | AH24: 4 | AI24: 1.6778 | AJ24: 8.9402789 | AK24: 2.3840744
B25: BCD-VA Medicaid | C25: =IF(IFERROR(_xlfn.XLOOKUP($B25,$T:$T,$Y:$Y),"")="",IFERROR(IF(SUMIF($AC:$AC,$B25,$AI:$AI)=0,"",SUMIF($AC:$AC,$B25,$AI:$AI)),""),IFERROR(_xlfn.XLOOKUP($B25,$T:$T,$Y:$Y),"")) | D25: =IF(IFERROR(_xlfn.XLOOKUP($B25,$T:$T,$W:$W),"")="",IFERROR(IF(SUMIF($AC:$AC,$B25,$AG:$AG)=0,"",SUMIF($AC:$AC,$B25,$AG:$AG)),""),IFERROR(_xlfn.XLOOKUP($B25,$T:$T,$W:$W),"")) | E25: =IF(IFERROR(_xlfn.XLOOKUP($B25,$T:$T,$X:$X),"")="",IFERROR(IF(SUMIF($AC:$AC,$B25,$AH:$AH)=0,"",SUMIF($AC:$AC,$B25,$AH:$AH)),""),IFERROR(_xlfn.XLOOKUP($B25,$T:$T,$X:$X),"")) | F25: =IFERROR(D25/C25,"") | H25: ILO-VA Medicaid | I25: =IF(IFERROR(_xlfn.XLOOKUP($H25,$T:$T,$Y:$Y),"")="",IFERROR(IF(SUMIF($AC:$AC,$H25,$AI:$AI)=0,"",SUMIF($AC:$AC,$H25,$AI:$AI)),""),IFERROR(_xlfn.XLOOKUP($H25,$T:$T,$Y:$Y),"")) | J25: =IF(IFERROR(_xlfn.XLOOKUP($H25,$T:$T,$W:$W),"")="",IFERROR(IF(SUMIF($AC:$AC,$H25,$AG:$AG)=0,"",SUMIF($AC:$AC,$H25,$AG:$AG)),""),IFERROR(_xlfn.XLOOKUP($H25,$T:$T,$W:$W),"")) | K25: =IF(IFERROR(_xlfn.XLOOKUP($H25,$T:$T,$X:$X),"")="",IFERROR(IF(SUMIF($AC:$AC,$H25,$AH:$AH)=0,"",SUMIF($AC:$AC,$H25,$AH:$AH)),""),IFERROR(_xlfn.XLOOKUP($H25,$T:$T,$X:$X),"")) | L25: =IFERROR(J25/I25,"") | N25: BTG-VA Medicaid | O25: =IF(IFERROR(_xlfn.XLOOKUP($N25,$T:$T,$Y:$Y),"")="",IFERROR(IF(SUMIF($AC:$AC,$N25,$AI:$AI)=0,"",SUMIF($AC:$AC,$N25,$AI:$AI)),""),IFERROR(_xlfn.XLOOKUP($N25,$T:$T,$Y:$Y),"")) | P25: =IF(IFERROR(_xlfn.XLOOKUP($N25,$T:$T,$W:$W),"")="",IFERROR(IF(SUMIF($AC:$AC,$N25,$AG:$AG)=0,"",SUMIF($AC:$AC,$N25,$AG:$AG)),""),IFERROR(_xlfn.XLOOKUP($N25,$T:$T,$W:$W),"")) | Q25: =IF(IFERROR(_xlfn.XLOOKUP($N25,$T:$T,$X:$X),"")="",IFERROR(IF(SUMIF($AC:$AC,$N25,$AH:$AH)=0,"",SUMIF($AC:$AC,$N25,$AH:$AH)),""),IFERROR(_xlfn.XLOOKUP($N25,$T:$T,$X:$X),"")) | R25: =IFERROR(P25/O25,"") | T25: =_xlfn.CONCAT(U25,"-",V25) -> - | AC25: =_xlfn.CONCAT(AD25,"-",AE25) -> ILO-ARM | AD25: ILO | AE25: ARM | AF25: Cherryl Rose Gabinera | AG25: 23 | AH25: 1 | AI25: 2.2575 | AJ25: 10.188261 | AK25: 0.44296788
B26: BCD-Tricare East RX Review | C26: =IF(IFERROR(_xlfn.XLOOKUP($B26,$T:$T,$Y:$Y),"")="",IFERROR(IF(SUMIF($AC:$AC,$B26,$AI:$AI)=0,"",SUMIF($AC:$AC,$B26,$AI:$AI)),""),IFERROR(_xlfn.XLOOKUP($B26,$T:$T,$Y:$Y),"")) | D26: =IF(IFERROR(_xlfn.XLOOKUP($B26,$T:$T,$W:$W),"")="",IFERROR(IF(SUMIF($AC:$AC,$B26,$AG:$AG)=0,"",SUMIF($AC:$AC,$B26,$AG:$AG)),""),IFERROR(_xlfn.XLOOKUP($B26,$T:$T,$W:$W),"")) | E26: =IF(IFERROR(_xlfn.XLOOKUP($B26,$T:$T,$X:$X),"")="",IFERROR(IF(SUMIF($AC:$AC,$B26,$AH:$AH)=0,"",SUMIF($AC:$AC,$B26,$AH:$AH)),""),IFERROR(_xlfn.XLOOKUP($B26,$T:$T,$X:$X),"")) | F26: =IFERROR(D26/C26,"") | H26: ILO-Tricare East RX Review | I26: =IF(IFERROR(_xlfn.XLOOKUP($H26,$T:$T,$Y:$Y),"")="",IFERROR(IF(SUMIF($AC:$AC,$H26,$AI:$AI)=0,"",SUMIF($AC:$AC,$H26,$AI:$AI)),""),IFERROR(_xlfn.XLOOKUP($H26,$T:$T,$Y:$Y),"")) | J26: =IF(IFERROR(_xlfn.XLOOKUP($H26,$T:$T,$W:$W),"")="",IFERROR(IF(SUMIF($AC:$AC,$H26,$AG:$AG)=0,"",SUMIF($AC:$AC,$H26,$AG:$AG)),""),IFERROR(_xlfn.XLOOKUP($H26,$T:$T,$W:$W),"")) | K26: =IF(IFERROR(_xlfn.XLOOKUP($H26,$T:$T,$X:$X),"")="",IFERROR(IF(SUMIF($AC:$AC,$H26,$AH:$AH)=0,"",SUMIF($AC:$AC,$H26,$AH:$AH)),""),IFERROR(_xlfn.XLOOKUP($H26,$T:$T,$X:$X),"")) | L26: =IFERROR(J26/I26,"") | N26: BTG-Tricare East RX Review | O26: =IF(IFERROR(_xlfn.XLOOKUP($N26,$T:$T,$Y:$Y),"")="",IFERROR(IF(SUMIF($AC:$AC,$N26,$AI:$AI)=0,"",SUMIF($AC:$AC,$N26,$AI:$AI)),""),IFERROR(_xlfn.XLOOKUP($N26,$T:$T,$Y:$Y),"")) | P26: =IF(IFERROR(_xlfn.XLOOKUP($N26,$T:$T,$W:$W),"")="",IFERROR(IF(SUMIF($AC:$AC,$N26,$AG:$AG)=0,"",SUMIF($AC:$AC,$N26,$AG:$AG)),""),IFERROR(_xlfn.XLOOKUP($N26,$T:$T,$W:$W),"")) | Q26: =IF(IFERROR(_xlfn.XLOOKUP($N26,$T:$T,$X:$X),"")="",IFERROR(IF(SUMIF($AC:$AC,$N26,$AH:$AH)=0,"",SUMIF($AC:$AC,$N26,$AH:$AH)),""),IFERROR(_xlfn.XLOOKUP($N26,$T:$T,$X:$X),"")) | R26: =IFERROR(P26/O26,"") | T26: =_xlfn.CONCAT(U26,"-",V26) -> - | AC26: =_xlfn.CONCAT(AD26,"-",AE26) -> ILO-ARM | AD26: ILO | AE26: ARM | AF26: Geric Perlas | AG26: 25 | AH26: 2 | AI26: 2.2086 | AJ26: 11.319388 | AK26: 0.90555103
B27: BCD- | C27: =IF(IFERROR(_xlfn.XLOOKUP($B27,$T:$T,$Y:$Y),"")="",IFERROR(IF(SUMIF($AC:$AC,$B27,$AI:$AI)=0,"",SUMIF($AC:$AC,$B27,$AI:$AI)),""),IFERROR(_xlfn.XLOOKUP($B27,$T:$T,$Y:$Y),"")) | D27: =IF(IFERROR(_xlfn.XLOOKUP($B27,$T:$T,$W:$W),"")="",IFERROR(IF(SUMIF($AC:$AC,$B27,$AG:$AG)=0,"",SUMIF($AC:$AC,$B27,$AG:$AG)),""),IFERROR(_xlfn.XLOOKUP($B27,$T:$T,$W:$W),"")) | E27: =IF(IFERROR(_xlfn.XLOOKUP($B27,$T:$T,$X:$X),"")="",IFERROR(IF(SUMIF($AC:$AC,$B27,$AH:$AH)=0,"",SUMIF($AC:$AC,$B27,$AH:$AH)),""),IFERROR(_xlfn.XLOOKUP($B27,$T:$T,$X:$X),"")) | F27: =IFERROR(D27/C27,"") | H27: ILO- | I27: =IF(IFERROR(_xlfn.XLOOKUP($H27,$T:$T,$Y:$Y),"")="",IFERROR(IF(SUMIF($AC:$AC,$H27,$AI:$AI)=0,"",SUMIF($AC:$AC,$H27,$AI:$AI)),""),IFERROR(_xlfn.XLOOKUP($H27,$T:$T,$Y:$Y),"")) | J27: =IF(IFERROR(_xlfn.XLOOKUP($H27,$T:$T,$W:$W),"")="",IFERROR(IF(SUMIF($AC:$AC,$H27,$AG:$AG)=0,"",SUMIF($AC:$AC,$H27,$AG:$AG)),""),IFERROR(_xlfn.XLOOKUP($H27,$T:$T,$W:$W),"")) | K27: =IF(IFERROR(_xlfn.XLOOKUP($H27,$T:$T,$X:$X),"")="",IFERROR(IF(SUMIF($AC:$AC,$H27,$AH:$AH)=0,"",SUMIF($AC:$AC,$H27,$AH:$AH)),""),IFERROR(_xlfn.XLOOKUP($H27,$T:$T,$X:$X),"")) | L27: =IFERROR(J27/I27,"") | N27: BTG- | O27: =IF(IFERROR(_xlfn.XLOOKUP($N27,$T:$T,$Y:$Y),"")="",IFERROR(IF(SUMIF($AC:$AC,$N27,$AI:$AI)=0,"",SUMIF($AC:$AC,$N27,$AI:$AI)),""),IFERROR(_xlfn.XLOOKUP($N27,$T:$T,$Y:$Y),"")) | P27: =IF(IFERROR(_xlfn.XLOOKUP($N27,$T:$T,$W:$W),"")="",IFERROR(IF(SUMIF($AC:$AC,$N27,$AG:$AG)=0,"",SUMIF($AC:$AC,$N27,$AG:$AG)),""),IFERROR(_xlfn.XLOOKUP($N27,$T:$T,$W:$W),"")) | Q27: =IF(IFERROR(_xlfn.XLOOKUP($N27,$T:$T,$X:$X),"")="",IFERROR(IF(SUMIF($AC:$AC,$N27,$AH:$AH)=0,"",SUMIF($AC:$AC,$N27,$AH:$AH)),""),IFERROR(_xlfn.XLOOKUP($N27,$T:$T,$X:$X),"")) | R27: =IFERROR(P27/O27,"") | T27: =_xlfn.CONCAT(U27,"-",V27) -> - | AC27: =_xlfn.CONCAT(AD27,"-",AE27) -> ILO-ARM | AD27: ILO | AE27: ARM | AF27: Aliyaah Bianca Candoleza | AG27: 39 | AH27: 0 | AI27: 2.5411 | AJ27: 15.347684 | AK27: 0
T28: =_xlfn.CONCAT(U28,"-",V28) -> - | AC28: =_xlfn.CONCAT(AD28,"-",AE28) -> ILO-ARM | AD28: ILO | AE28: ARM | AF28: Deimple Jolo | AG28: 39 | AH28: 0 | AI28: 2.5422 | AJ28: 15.341043 | AK28: 0
T29: =_xlfn.CONCAT(U29,"-",V29) -> - | AC29: =_xlfn.CONCAT(AD29,"-",AE29) -> ILO-ARM | AD29: ILO | AE29: ARM | AF29: Rovy Belarmino | AG29: 17 | AH29: 3 | AI29: 2.0161 | AJ29: 8.4321214 | AK29: 1.4880214
T30: =_xlfn.CONCAT(U30,"-",V30) -> - | AC30: =_xlfn.CONCAT(AD30,"-",AE30) -> ILO-CDT Review | AD30: ILO | AE30: CDT Review | AF30: Jason Galampanao | AG30: 8 | AH30: 40 | AI30: 3.2728 | AJ30: 2.4443901 | AK30: 12.221951
T31: =_xlfn.CONCAT(U31,"-",V31) -> - | AC31: =_xlfn.CONCAT(AD31,"-",AE31) -> BTG-Fax Mapping | AD31: BTG | AE31: Fax Mapping | AF31: Jairo Enriquez | AG31: 0 | AH31: 0 | AI31: 1.7894 | AJ31: 0 | AK31: 0
T32: =_xlfn.CONCAT(U32,"-",V32) -> - | AC32: =_xlfn.CONCAT(AD32,"-",AE32) -> BTG-Fax Mapping | AD32: BTG | AE32: Fax Mapping | AF32: Aldrin Toledo | AG32: 4 | AH32: 4 | AI32: 1.6764 | AJ32: 2.3860654 | AK32: 2.3860654
T33: =_xlfn.CONCAT(U33,"-",V33) -> - | AC33: =_xlfn.CONCAT(AD33,"-",AE33) -> BTG-Fax Mapping | AD33: BTG | AE33: Fax Mapping | AF33: Bemilyn Vinas | AG33: 1 | AH33: 5 | AI33: 1.7056 | AJ33: 0.58630394 | AK33: 2.9315197
T34: =_xlfn.CONCAT(U34,"-",V34) -> - | AC34: =_xlfn.CONCAT(AD34,"-",AE34) -> BTG-Fax Mapping | AD34: BTG | AE34: Fax Mapping | AF34: Darwin Llanto | AG34: 1 | AH34: 10 | AI34: 1.7036 | AJ34: 0.58699225 | AK34: 5.8699225
T35: =_xlfn.CONCAT(U35,"-",V35) -> - | AC35: =_xlfn.CONCAT(AD35,"-",AE35) -> BTG-Fax Mapping | AD35: BTG | AE35: Fax Mapping | AF35: Daryl Baque | AG35: 2 | AH35: 10 | AI35: 0.7336 | AJ35: 2.7262814 | AK35: 13.631407
AC36: =_xlfn.CONCAT(AD36,"-",AE36) -> BTG-Fax Mapping | AD36: BTG | AE36: Fax Mapping | AF36: Edgardo Pasahol | AG36: 5 | AH36: 5 | AI36: 1.6661 | AJ36: 3.0010203 | AK36: 3.0010203
AC37: =_xlfn.CONCAT(AD37,"-",AE37) -> BTG-Fax Mapping | AD37: BTG | AE37: Fax Mapping | AF37: Faith Larissa Montablan | AG37: 7 | AH37: 7 | AI37: 1.1703 | AJ37: 5.9813723 | AK37: 5.9813723
AC38: =_xlfn.CONCAT(AD38,"-",AE38) -> BTG-Fax Mapping | AD38: BTG | AE38: Fax Mapping | AF38: Ian James Ricero | AG38: 3 | AH38: 43 | AI38: 1.74 | AJ38: 1.7241379 | AK38: 24.712644
AC39: =_xlfn.CONCAT(AD39,"-",AE39) -> BTG-Fax Mapping | AD39: BTG | AE39: Fax Mapping | AF39: Janica Tonic | AG39: 3 | AH39: 31 | AI39: 0.3586 | AJ39: 8.3658673 | AK39: 86.447295
AC40: =_xlfn.CONCAT(AD40,"-",AE40) -> BTG-Fax Mapping | AD40: BTG | AE40: Fax Mapping | AF40: Jayvan Cantollas | AG40: 4 | AH40: 4 | AI40: 1.5175 | AJ40: 2.6359143 | AK40: 2.6359143
AC41: =_xlfn.CONCAT(AD41,"-",AE41) -> BTG-Fax Mapping | AD41: BTG | AE41: Fax Mapping | AF41: Jhon Carlo Marcelino | AG41: 2 | AH41: 8 | AI41: 1.4858 | AJ41: 1.3460762 | AK41: 5.3843048
AC42: =_xlfn.CONCAT(AD42,"-",AE42) -> BTG-Fax Mapping | AD42: BTG | AE42: Fax Mapping | AF42: Joelle Ann Poticar | AG42: 4 | AH42: 17 | AI42: 1.7164 | AJ42: 2.3304591 | AK42: 9.9044512
AC43: =_xlfn.CONCAT(AD43,"-",AE43) -> BTG-Fax Mapping | AD43: BTG | AE43: Fax Mapping | AF43: Joyce Caila Olan | AG43: 1 | AH43: 7 | AI43: 1.6981 | AJ43: 0.58889347 | AK43: 4.1222543
AC44: =_xlfn.CONCAT(AD44,"-",AE44) -> BTG-Fax Mapping | AD44: BTG | AE44: Fax Mapping | AF44: Julee Anne Stephanny Guitierrez | AG44: 1 | AH44: 4 | AI44: 1.4889 | AJ44: 0.67163678 | AK44: 2.6865471
AC45: =_xlfn.CONCAT(AD45,"-",AE45) -> BTG-Fax Mapping | AD45: BTG | AE45: Fax Mapping | AF45: Justin Ulysses Gregorio | AG45: 4 | AH45: 10 | AI45: 1.4831 | AJ45: 2.6970535 | AK45: 6.7426337
AC46: =_xlfn.CONCAT(AD46,"-",AE46) -> BTG-Fax Mapping | AD46: BTG | AE46: Fax Mapping | AF46: Kristina Lyza Vinzon | AG46: 1 | AH46: 15 | AI46: 1.7092 | AJ46: 0.58506904 | AK46: 8.7760356
AC47: =_xlfn.CONCAT(AD47,"-",AE47) -> BTG-Fax Mapping | AD47: BTG | AE47: Fax Mapping | AF47: Mariz Pagkaliwagan | AG47: 1 | AH47: 4 | AI47: 1.1886 | AJ47: 0.84132593 | AK47: 3.3653037
... AC58: =_xlfn.CONCAT(AD58,"-",AE58) -> BTG-Confirmed Sales | AD58: BTG | AE58: Confirmed Sales | AF58: Rose Respecia | AG58: 43 | AH58: 20 | AI58: 2.4792 | AJ58: 17.344305 | AK58: 8.0671184
AC59: =_xlfn.CONCAT(AD59,"-",AE59) -> Grand Total- | AD59: Grand Total | AG59: 818 | AH59: 961 | AI59: 113.5978 | AJ59: 7.2008437 | AK59: 8.4596709
AC60: =_xlfn.CONCAT(AD60,"-",AE60) -> -
AC61: =_xlfn.CONCAT(AD61,"-",AE61) -> -
AC62: =_xlfn.CONCAT(AD62,"-",AE62) -> -
AC63: =_xlfn.CONCAT(AD63,"-",AE63) -> -
AC64: =_xlfn.CONCAT(AD64,"-",AE64) -> -
AC65: =_xlfn.CONCAT(AD65,"-",AE65) -> -
AC66: =_xlfn.CONCAT(AD66,"-",AE66) -> -
AC67: =_xlfn.CONCAT(AD67,"-",AE67) -> -
AC68: =_xlfn.CONCAT(AD68,"-",AE68) -> -
AC69: =_xlfn.CONCAT(AD69,"-",AE69) -> -
AC70: =_xlfn.CONCAT(AD70,"-",AE70) -> -
AC71: =_xlfn.CONCAT(AD71,"-",AE71) -> -
... AC90: =_xlfn.CONCAT(AD90,"-",AE90) -> -

Sheet Completion
A1: OVERALL
A2: Campaign | B2: RECORDS ASSIGNED | C2: Headcount Assigned | D2: Hours Assigned | E2: Actual Log in hours | F2: RECORDS COMPLETED | G2: RECORDS REMAINING | H2: COMPLETION RATE | I2: RPH GOAL | J2: Points | K2: ACTUAL RPH/PPH | L2: HOURS NEEDED TO COMPLETE | M2: HC NEEDED TO COMPLETE | N2: SLA %
A3: Confirmed Sales | B3: =C3*I3*8 -> 0 | E3: =IF(SUM(E33,E63,E93)=0,"",SUM(E33,E63,E93)) -> 14.784 | F3: =IF(SUM(F33,F63,F93)=0,"",SUM(F33,F63,F93)) -> 262 | G3: =IFERROR(B3-F3,"") -> -262 | H3: =IFERROR(F3/B3,"") | J3: =IF(SUM(J33,J63,J93)=0,"",SUM(J33,J63,J93)) -> 121 | K3: =IFERROR(F3/E3,"") -> 17.721861 | L3: =IFERROR(G3/K3,"") -> -14.784 | M3: =IFERROR(L3/8,"") -> -1.848
A4: Edocument | B4: =C4*I4*8 -> 0 | E4: =IF(SUM(E34,E64,E94)=0,"",SUM(E34,E64,E94)) -> 34.3005 | F4: =IF(SUM(F34,F64,F94)=0,"",SUM(F34,F64,F94)) -> 162 | G4: =IFERROR(B4-F4,"") -> -162 | H4: =IFERROR(F4/B4,"") | J4: =IF(SUM(J34,J64,J94)=0,"",SUM(J34,J64,J94)) -> 41 | K4: =IFERROR(F4/E4,"") -> 4.7229632 | L4: =IFERROR(G4/K4,"") -> -34.3005 | M4: =IFERROR(L4/8,"") -> -4.2875625
A5: Edocument Prio | B5: =C5*I5*8 -> 0 | E5: =IF(SUM(E35,E65,E95)=0,"",SUM(E35,E65,E95)) | F5: =IF(SUM(F35,F65,F95)=0,"",SUM(F35,F65,F95)) | G5: =IFERROR(B5-F5,"") | H5: =IFERROR(F5/B5,"") | J5: =IF(SUM(J35,J65,J95)=0,"",SUM(J35,J65,J95)) | K5: =IFERROR(F5/E5,"") | L5: =IFERROR(G5/K5,"") | M5: =IFERROR(L5/8,"")
A6: DCAH scrubs | B6: =C6*I6*8 -> 0 | E6: =IF(SUM(E36,E66,E96)=0,"",SUM(E36,E66,E96)) -> 53.3703 | F6: =IF(SUM(F36,F66,F96)=0,"",SUM(F36,F66,F96)) -> 175 | G6: =IFERROR(B6-F6,"") -> -175 | H6: =IFERROR(F6/B6,"") | J6: =IF(SUM(J36,J66,J96)=0,"",SUM(J36,J66,J96)) -> 21 | K6: =IFERROR(F6/E6,"") -> 3.2789773 | L6: =IFERROR(G6/K6,"") -> -53.3703 | M6: =IFERROR(L6/8,"") -> -6.6712875
A7: DCAH | B7: =C7*I7*8 -> 0 | E7: =IF(SUM(E37,E67,E97)=0,"",SUM(E37,E67,E97)) -> 66.4113 | F7: =IF(SUM(F37,F67,F97)=0,"",SUM(F37,F67,F97)) -> 681 | G7: =IFERROR(B7-F7,"") -> -681 | H7: =IFERROR(F7/B7,"") | J7: =IF(SUM(J37,J67,J97)=0,"",SUM(J37,J67,J97)) -> 33 | K7: =IFERROR(F7/E7,"") -> 10.254279 | L7: =IFERROR(G7/K7,"") -> -66.4113 | M7: =IFERROR(L7/8,"") -> -8.3014125
A8: ARM | B8: =C8*I8*8 -> 0 | E8: =IF(SUM(E38,E68,E98)=0,"",SUM(E38,E68,E98)) -> 26.2502 | F8: =IF(SUM(F38,F68,F98)=0,"",SUM(F38,F68,F98)) -> 405 | G8: =IFERROR(B8-F8,"") -> -405 | H8: =IFERROR(F8/B8,"") | J8: =IF(SUM(J38,J68,J98)=0,"",SUM(J38,J68,J98)) -> 52 | K8: =IFERROR(F8/E8,"") -> 15.428454 | L8: =IFERROR(G8/K8,"") -> -26.2502 | M8: =IFERROR(L8/8,"") -> -3.281275
A9: Patient Call | B9: =C9*I9*8 -> 0 | E9: =IF(SUM(E39,E69,E99)=0,"",SUM(E39,E69,E99)) -> 66.8002 | F9: =IF(SUM(F39,F69,F99)=0,"",SUM(F39,F69,F99)) -> 846 | G9: =IFERROR(B9-F9,"") -> -846 | H9: =IFERROR(F9/B9,"") | J9: =IF(SUM(J39,J69,J99)=0,"",SUM(J39,J69,J99)) -> 114 | K9: =IFERROR(F9/E9,"") -> 12.664633 | L9: =IFERROR(G9/K9,"") -> -66.8002 | M9: =IFERROR(L9/8,"") -> -8.350025
A10: VSA | B10: =C10*I10*8 -> 0 | E10: =IF(SUM(E40,E70,E100)=0,"",SUM(E40,E70,E100)) -> 25.7135 | F10: =IF(SUM(F40,F70,F100)=0,"",SUM(F40,F70,F100)) -> 547 | G10: =IFERROR(B10-F10,"") -> -547 | H10: =IFERROR(F10/B10,"") | J10: =IF(SUM(J40,J70,J100)=0,"",SUM(J40,J70,J100)) -> 173 | K10: =IFERROR(F10/E10,"") -> 21.272872 | L10: =IFERROR(G10/K10,"") -> -25.7135 | M10: =IFERROR(L10/8,"") -> -3.2141875
A11: Benver | B11: =C11*I11*8 -> 0 | E11: =IF(SUM(E41,E71,E101)=0,"",SUM(E41,E71,E101)) | F11: =IF(SUM(F41,F71,F101)=0,"",SUM(F41,F71,F101)) | G11: =IFERROR(B11-F11,"") | H11: =IFERROR(F11/B11,"") | J11: =IF(SUM(J41,J71,J101)=0,"",SUM(J41,J71,J101)) | K11: =IFERROR(F11/E11,"") | L11: =IFERROR(G11/K11,"") | M11: =IFERROR(L11/8,"")
A12: Rework | B12: =C12*I12*8 -> 0 | E12: =IF(SUM(E42,E72,E102)=0,"",SUM(E42,E72,E102)) -> 2.145 | F12: =IF(SUM(F42,F72,F102)=0,"",SUM(F42,F72,F102)) -> 22 | G12: =IFERROR(B12-F12,"") -> -22 | H12: =IFERROR(F12/B12,"") | J12: =IF(SUM(J42,J72,J102)=0,"",SUM(J42,J72,J102)) -> 4 | K12: =IFERROR(F12/E12,"") -> 10.25641 | L12: =IFERROR(G12/K12,"") -> -2.145 | M12: =IFERROR(L12/8,"") -> -0.268125
A13: Doctor research | B13: =C13*I13*8 -> 0 | E13: =IF(SUM(E43,E73,E103)=0,"",SUM(E43,E73,E103)) -> 9.3756 | F13: =IF(SUM(F43,F73,F103)=0,"",SUM(F43,F73,F103)) -> 89 | G13: =IFERROR(B13-F13,"") -> -89 | H13: =IFERROR(F13/B13,"") | J13: =IF(SUM(J43,J73,J103)=0,"",SUM(J43,J73,J103)) -> 89 | K13: =IFERROR(F13/E13,"") -> 9.4927258 | L13: =IFERROR(G13/K13,"") -> -9.3756 | M13: =IFERROR(L13/8,"") -> -1.17195
A14: Fax Research | B14: =C14*I14*8 -> 0 | E14: =IF(SUM(E44,E74,E104)=0,"",SUM(E44,E74,E104)) -> 0.3917 | F14: =IF(SUM(F44,F74,F104)=0,"",SUM(F44,F74,F104)) -> 8 | G14: =IFERROR(B14-F14,"") -> -8 | H14: =IFERROR(F14/B14,"") | J14: =IF(SUM(J44,J74,J104)=0,"",SUM(J44,J74,J104)) -> 15 | K14: =IFERROR(F14/E14,"") -> 20.423794 | L14: =IFERROR(G14/K14,"") -> -0.3917 | M14: =IFERROR(L14/8,"") -> -0.0489625
A15: Fax Mapping | B15: =C15*I15*8 -> 0 | E15: =IF(SUM(E45,E75,E105)=0,"",SUM(E45,E75,E105)) -> 63.125 | F15: =IF(SUM(F45,F75,F105)=0,"",SUM(F45,F75,F105)) -> 126 | G15: =IFERROR(B15-F15,"") -> -126 | H15: =IFERROR(F15/B15,"") | J15: =IF(SUM(J45,J75,J105)=0,"",SUM(J45,J75,J105)) -> 711 | K15: =IFERROR(AVERAGE(K45,K75,K105),"") -> 13.981382 | L15: =IFERROR(G15/K15,"") -> -9.0119845 | M15: =IFERROR(L15/8,"") -> -1.1264981
A16: Fax Review | B16: =C16*I16*8 -> 0 | E16: =IF(SUM(E46,E76,E106)=0,"",SUM(E46,E76,E106)) -> 3.8092 | F16: =IF(SUM(F46,F76,F106)=0,"",SUM(F46,F76,F106)) | G16: =IFERROR(B16-F16,"") | H16: =IFERROR(F16/B16,"") | J16: =IF(SUM(J46,J76,J106)=0,"",SUM(J46,J76,J106)) | K16: =IFERROR(AVERAGE(K46,K76,K106),"") | L16: =IFERROR(G16/K16,"") | M16: =IFERROR(L16/8,"")
A17: Doctor Match | B17: =C17*I17*8 -> 0 | E17: =IF(SUM(E47,E77,E107)=0,"",SUM(E47,E77,E107)) -> 76.2462 | F17: =IF(SUM(F47,F77,F107)=0,"",SUM(F47,F77,F107)) -> 135 | G17: =IFERROR(B17-F17,"") -> -135 | H17: =IFERROR(F17/B17,"") | J17: =IF(SUM(J47,J77,J107)=0,"",SUM(J47,J77,J107)) -> 756 | K17: =IFERROR(F17/E17,"") -> 1.77058 | L17: =IFERROR(G17/K17,"") -> -76.2462 | M17: =IFERROR(L17/8,"") -> -9.530775
A18: Blank Held | B18: =C18*I18*8 -> 0 | E18: =IF(SUM(E48,E78,E108)=0,"",SUM(E48,E78,E108)) -> 3.9328 | F18: =IF(SUM(F48,F78,F108)=0,"",SUM(F48,F78,F108)) -> 38 | G18: =IFERROR(B18-F18,"") -> -38 | H18: =IFERROR(F18/B18,"") | J18: =IF(SUM(J48,J78,J108)=0,"",SUM(J48,J78,J108)) -> 31 | K18: =IFERROR(F18/E18,"") -> 9.6623271 | L18: =IFERROR(G18/K18,"") -> -3.9328 | M18: =IFERROR(L18/8,"") -> -0.4916
A19: Aging Prod Held | B19: =C19*I19*8 -> 0 | E19: =IF(SUM(E49,E79,E109)=0,"",SUM(E49,E79,E109)) -> 9.138 | F19: =IF(SUM(F49,F79,F109)=0,"",SUM(F49,F79,F109)) -> 139 | G19: =IFERROR(B19-F19,"") -> -139 | H19: =IFERROR(F19/B19,"") | J19: =IF(SUM(J49,J79,J109)=0,"",SUM(J49,J79,J109)) -> 29 | K19: =IFERROR(F19/E19,"") -> 15.211206 | L19: =IFERROR(G19/K19,"") -> -9.138 | M19: =IFERROR(L19/8,"") -> -1.14225
A20: UHC Special Project | B20: =C20*I20*8 -> 0 | E20: =IF(SUM(E50,E80,E110)=0,"",SUM(E50,E80,E110)) | F20: =IF(SUM(F50,F80,F110)=0,"",SUM(F50,F80,F110)) | G20: =IFERROR(B20-F20,"") | H20: =IFERROR(F20/B20,"") | J20: =IF(SUM(J50,J80,J110)=0,"",SUM(J50,J80,J110)) | K20: =IFERROR(F20/E20,"") | L20: =IFERROR(G20/K20,"") | M20: =IFERROR(L20/8,"")
A21: Inbound Call | B21: =C21*I21*8 -> 0 | E21: =IF(SUM(E51,E81,E111)=0,"",SUM(E51,E81,E111)) | F21: =IF(SUM(F51,F81,F111)=0,"",SUM(F51,F81,F111)) | G21: =IFERROR(B21-F21,"") | H21: =IFERROR(F21/B21,"") | J21: =IF(SUM(J51,J81,J111)=0,"",SUM(J51,J81,J111)) | K21: =IFERROR(F21/E21,"") | L21: =IFERROR(G21/K21,"") | M21: =IFERROR(L21/8,"")
A22: CDT review | B22: =C22*I22*8 -> 0 | E22: =IF(SUM(E52,E82,E112)=0,"",SUM(E52,E82,E112)) -> 3.2728 | F22: =IF(SUM(F52,F82,F112)=0,"",SUM(F52,F82,F112)) -> 8 | G22: =IFERROR(B22-F22,"") -> -8 | H22: =IFERROR(F22/B22,"") | J22: =IF(SUM(J52,J82,J112)=0,"",SUM(J52,J82,J112)) -> 40 | K22: =IFERROR(F22/E22,"") -> 2.4443901 | L22: =IFERROR(G22/K22,"") -> -3.2728 | M22: =IFERROR(L22/8,"") -> -0.4091
A23: Atrisk | B23: =C23*I23*8 -> 0 | E23: =IF(SUM(E53,E83,E113)=0,"",SUM(E53,E83,E113)) | F23: =IF(SUM(F53,F83,F113)=0,"",SUM(F53,F83,F113)) | G23: =IFERROR(B23-F23,"") | H23: =IFERROR(F23/B23,"") | J23: =IF(SUM(J53,J83,J113)=0,"",SUM(J53,J83,J113)) | K23: =IFERROR(F23/E23,"") | L23: =IFERROR(G23/K23,"") | M23: =IFERROR(L23/8,"")
A24: No Mask | B24: =C24*I24*8 -> 0 | E24: =IF(SUM(E54,E84,E114)=0,"",SUM(E54,E84,E114)) | F24: =IF(SUM(F54,F84,F114)=0,"",SUM(F54,F84,F114)) | G24: =IFERROR(B24-F24,"") | H24: =IFERROR(F24/B24,"") | J24: =IF(SUM(J54,J84,J114)=0,"",SUM(J54,J84,J114)) | K24: =IFERROR(F24/E24,"") | L24: =IFERROR(G24/K24,"") | M24: =IFERROR(L24/8,"")
A25: PAR RX Review | B25: =C25*I25*8 -> 0 | E25: =IF(SUM(E55,E85,E115)=0,"",SUM(E55,E85,E115)) | F25: =IF(SUM(F55,F85,F115)=0,"",SUM(F55,F85,F115)) | G25: =IFERROR(B25-F25,"") | H25: =IFERROR(F25/B25,"") | J25: =IF(SUM(J55,J85,J115)=0,"",SUM(J55,J85,J115)) | K25: =IFERROR(F25/E25,"") | L25: =IFERROR(G25/K25,"") | M25: =IFERROR(L25/8,"")
A26: VA Medicaid | B26: =C26*I26*8 -> 0 | E26: =IF(SUM(E56,E86,E116)=0,"",SUM(E56,E86,E116)) | F26: =IF(SUM(F56,F86,F116)=0,"",SUM(F56,F86,F116)) | G26: =IFERROR(B26-F26,"") | H26: =IFERROR(F26/B26,"") | J26: =IF(SUM(J56,J86,J116)=0,"",SUM(J56,J86,J116)) | K26: =IFERROR(F26/E26,"") | L26: =IFERROR(G26/K26,"") | M26: =IFERROR(L26/8,"")
A27: Tricare East RX Review | B27: =C27*I27*8 -> 0 | E27: =IF(SUM(E57,E87,E117)=0,"",SUM(E57,E87,E117)) | F27: =IF(SUM(F57,F87,F117)=0,"",SUM(F57,F87,F117)) | G27: =IFERROR(B27-F27,"") | H27: =IFERROR(F27/B27,"") | J27: =IF(SUM(J57,J87,J117)=0,"",SUM(J57,J87,J117)) | K27: =IFERROR(F27/E27,"") | L27: =IFERROR(G27/K27,"") | M27: =IFERROR(L27/8,"")
J28: =IF(SUM(J58,J88,J118)=0,"",SUM(J58,J88,J118)) | K28: =IFERROR(F28/E28,"")
A29: Total | B29: =C29*I29*8 -> #VALUE! | C29: =SUM(C3:C26) -> 0 | E29: =IF(SUM(E59,E89,E119)=0,"",SUM(E59,E89,E119)) -> 459.0663 | F29: =IF(SUM(F59,F89,F119)=0,"",SUM(F59,F89,F119)) -> 3643 | G29: =IFERROR(B29-F29,"") | H29: =IFERROR(F29/B29,"") | I29: =IFERROR(AVERAGE(I3:I26),"") | J29: =IF(SUM(J59,J89,J119)=0,"",SUM(J59,J89,J119)) -> 2230 | K29: =IFERROR(AVERAGE(K59,K89,K119),"") -> 11.334203 | L29: =IFERROR(G29/K29,"") | M29: =IFERROR(L29/8,"")
A31: BCD
A32: Campaign | B32: RECORDS ASSIGNED | C32: Headcount Assigned | D32: Hours Assigned | E32: Actual Log in hours | F32: RECORDS COMPLETED | G32: RECORDS REMAINING | H32: COMPLETION RATE | I32: RPH GOAL | J32: Points | K32: ACTUAL RPH | L32: HOURS NEEDED TO COMPLETE | M32: HC NEEDED TO COMPLETE | N32: SLA %
A33: Confirmed Sales | B33: =C33*I33*8 -> 0 | E33: =Pivots!C2 -> 2.2756 | F33: =Pivots!D2 -> 29 | G33: =IFERROR(B33-F33,"") -> -29 | H33: =IFERROR(F33/B33,"") | J33: =Pivots!E2 -> 12 | K33: =IFERROR(F33/E33,"") -> 12.743892 | L33: =IFERROR(G33/F33,"") -> -1 | M33: =IFERROR(H33/G33,"") | N33: =IFERROR(I33/H33,"")
A34: Edocument | B34: =C34*I34*8 -> 0 | E34: =Pivots!C3 -> 34.3005 | F34: =Pivots!D3 -> 162 | G34: =IFERROR(B34-F34,"") -> -162 | H34: =IFERROR(F34/B34,"") | J34: =Pivots!E3 -> 41 | K34: =IFERROR(F34/E34,"") -> 4.7229632 | L34: =IFERROR(G34/K34,"") -> -34.3005 | M34: =IFERROR(L34/8,"") -> -4.2875625
A35: Edocument Prio | B35: =C35*I35*8 -> 0 | E35: =Pivots!C4 | F35: =Pivots!D4 | G35: =IFERROR(B35-F35,"") | H35: =IFERROR(F35/B35,"") | J35: =Pivots!E4 | K35: =IFERROR(F35/E35,"") | L35: =IFERROR(G35/K35,"") | M35: =IFERROR(L35/8,"")
A36: DCAH scrubs | B36: =C36*I36*8 -> 0 | E36: =Pivots!C5 -> 11.1638 | F36: =Pivots!D5 -> 133 | G36: =IFERROR(B36-F36,"") -> -133 | H36: =IFERROR(F36/B36,"") | J36: =Pivots!E5 -> 15 | K36: =IFERROR(F36/E36,"") -> 11.913506 | L36: =IFERROR(G36/K36,"") -> -11.1638 | M36: =IFERROR(L36/8,"") -> -1.395475
A37: DCAH | B37: =C37*I37*8 -> 0 | E37: =Pivots!C6 | F37: =Pivots!D6 | G37: =IFERROR(B37-F37,"") | H37: =IFERROR(F37/B37,"") | J37: =Pivots!E6 | K37: =IFERROR(F37/E37,"") | L37: =IFERROR(G37/K37,"") | M37: =IFERROR(L37/8,"")
A38: ARM | B38: =C38*I38*8 -> 0 | E38: =Pivots!C7 | F38: =Pivots!D7 | G38: =IFERROR(B38-F38,"") | H38: =IFERROR(F38/B38,"") | J38: =Pivots!E7 | K38: =IFERROR(F38/E38,"") | L38: =IFERROR(G38/K38,"") | M38: =IFERROR(L38/8,"")
A39: Patient Call | B39: =C39*I39*8 -> 0 | E39: =Pivots!C8 | F39: =Pivots!D8 | G39: =IFERROR(B39-F39,"") | H39: =IFERROR(F39/B39,"") | J39: =Pivots!E8 | K39: =IFERROR(F39/E39,"") | L39: =IFERROR(G39/K39,"") | M39: =IFERROR(L39/8,"")
A40: VSA | B40: =C40*I40*8 -> 0 | E40: =Pivots!C9 -> 6.6852 | F40: =Pivots!D9 -> 165 | G40: =IFERROR(B40-F40,"") -> -165 | H40: =IFERROR(F40/B40,"") | J40: =Pivots!E9 -> 107 | K40: =IFERROR(F40/E40,"") -> 24.681386 | L40: =IFERROR(G40/K40,"") -> -6.6852 | M40: =IFERROR(L40/8,"") -> -0.83565
A41: Benver | B41: =C41*I41*8 -> 0 | E41: =Pivots!C10 | F41: =Pivots!D10 | G41: =IFERROR(B41-F41,"") | H41: =IFERROR(F41/B41,"") | J41: =Pivots!E10 | K41: =IFERROR(F41/E41,"") | L41: =IFERROR(G41/K41,"") | M41: =IFERROR(L41/8,"")
A42: Rework | B42: =C42*I42*8 -> 0 | E42: =Pivots!C11 | F42: =Pivots!D11 | G42: =IFERROR(B42-F42,"") | H42: =IFERROR(F42/B42,"") | J42: =Pivots!E11 | K42: =IFERROR(F42/E42,"") | L42: =IFERROR(G42/K42,"") | M42: =IFERROR(L42/8,"")
A43: Doctor research | B43: =C43*I43*8 -> 0 | E43: =Pivots!C12 -> 3.3831 | F43: =Pivots!D12 -> 22 | G43: =IFERROR(B43-F43,"") -> -22 | H43: =IFERROR(F43/B43,"") | J43: =Pivots!E12 -> 22 | K43: =IFERROR(F43/E43,"") -> 6.5029115 | L43: =IFERROR(G43/K43,"") -> -3.3831 | M43: =IFERROR(L43/8,"") -> -0.4228875
A44: Fax Research | B44: =C44*I44*8 -> 0 | E44: =Pivots!C13 | F44: =Pivots!D13 | G44: =IFERROR(B44-F44,"") | H44: =IFERROR(F44/B44,"") | J44: =Pivots!E13 | K44: =IFERROR(F44/E44,"") | L44: =IFERROR(G44/K44,"") | M44: =IFERROR(L44/8,"")
A45: Fax Mapping | B45: =C45*I45*8 -> 0 | E45: =Pivots!C14 -> 15.1733 | F45: =Pivots!D14 -> 27 | G45: =IFERROR(B45-F45,"") -> -27 | H45: =IFERROR(F45/B45,"") | J45: =Pivots!E14 -> 234 | K45: =IFERROR(J45/E45,"") -> 15.421826 | L45: =IFERROR(G45/K45,"") -> -1.7507654 | M45: =IFERROR(L45/8,"") -> -0.21884567
A46: Fax Review | B46: =C46*I46*8 -> 0 | E46: =Pivots!C15 | F46: =Pivots!D15 | G46: =IFERROR(B46-F46,"") | H46: =IFERROR(F46/B46,"") | J46: =Pivots!E15 | K46: =IFERROR(J46/E46,"") | L46: =IFERROR(G46/K46,"") | M46: =IFERROR(L46/8,"")
A47: Doctor Match | B47: =C47*I47*8 -> 0 | E47: =Pivots!C16 -> 21.0973 | F47: =Pivots!D16 -> 28 | G47: =IFERROR(B47-F47,"") -> -28 | H47: =IFERROR(F47/B47,"") | J47: =Pivots!E16 -> 239 | K47: =IFERROR(F47/E47,"") -> 1.327184 | L47: =IFERROR(G47/K47,"") -> -21.0973 | M47: =IFERROR(L47/8,"") -> -2.6371625
A48: Blank Held | B48: =C48*I48*8 -> 0 | E48: =Pivots!C17 -> 3.9328 | F48: =Pivots!D17 -> 38 | G48: =IFERROR(B48-F48,"") -> -38 | H48: =IFERROR(F48/B48,"") | J48: =Pivots!E17 -> 31 | K48: =IFERROR(F48/E48,"") -> 9.6623271 | L48: =IFERROR(G48/K48,"") -> -3.9328 | M48: =IFERROR(L48/8,"") -> -0.4916
A49: Aging Prod Held | B49: =C49*I49*8 -> 0 | E49: =Pivots!C18 -> 3.3519 | F49: =Pivots!D18 -> 54 | G49: =IFERROR(B49-F49,"") -> -54 | H49: =IFERROR(F49/B49,"") | J49: =Pivots!E18 -> 12 | K49: =IFERROR(F49/E49,"") -> 16.110266 | L49: =IFERROR(G49/K49,"") -> -3.3519 | M49: =IFERROR(L49/8,"") -> -0.4189875
A50: UHC Special Project | B50: =C50*I50*8 -> 0 | E50: =Pivots!C19 | F50: =Pivots!D19 | G50: =IFERROR(B50-F50,"") | H50: =IFERROR(F50/B50,"") | J50: =Pivots!E19 | K50: =IFERROR(F50/E50,"") | L50: =IFERROR(G50/K50,"") | M50: =IFERROR(L50/8,"")
A51: Inbound Call | B51: =C51*I51*8 -> 0 | E51: =Pivots!C20 | F51: =Pivots!D20 | G51: =IFERROR(B51-F51,"") | H51: =IFERROR(F51/B51,"") | J51: =Pivots!E20 | K51: =IFERROR(F51/E51,"") | L51: =IFERROR(G51/K51,"") | M51: =IFERROR(L51/8,"")
A52: CDT review | B52: =C52*I52*8 -> 0 | E52: =Pivots!C21 | F52: =Pivots!D21 | G52: =IFERROR(B52-F52,"") | H52: =IFERROR(F52/B52,"") | J52: =Pivots!E21 | K52: =IFERROR(F52/E52,"") | L52: =IFERROR(G52/K52,"") | M52: =IFERROR(L52/8,"")
A53: Atrisk | B53: =C53*I53*8 -> 0 | E53: =Pivots!C22 | F53: =Pivots!D22 | G53: =IFERROR(B53-F53,"") | H53: =IFERROR(F53/B53,"") | J53: =Pivots!E22 | K53: =IFERROR(F53/E53,"") | L53: =IFERROR(G53/K53,"") | M53: =IFERROR(L53/8,"")
A54: No Mask | B54: =C54*I54*8 -> 0 | E54: =Pivots!C23 | F54: =Pivots!D23 | G54: =IFERROR(B54-F54,"") | H54: =IFERROR(F54/B54,"") | J54: =Pivots!E23 | K54: =IFERROR(F54/E54,"") | L54: =IFERROR(G54/K54,"") | M54: =IFERROR(L54/8,"")
A55: PAR RX Review | B55: =C55*I55*8 -> 0 | E55: =Pivots!C24 | F55: =Pivots!D24 | G55: =IFERROR(B55-F55,"") | H55: =IFERROR(F55/B55,"") | J55: =Pivots!E24 | K55: =IFERROR(F55/E55,"") | L55: =IFERROR(G55/K55,"") | M55: =IFERROR(L55/8,"")
A56: VA Medicaid | B56: =C56*I56*8 -> 0 | E56: =Pivots!C25 | F56: =Pivots!D25 | G56: =IFERROR(B56-F56,"") | H56: =IFERROR(F56/B56,"") | J56: =Pivots!E25 | K56: =IFERROR(F56/E56,"") | L56: =IFERROR(G56/K56,"") | M56: =IFERROR(L56/8,"")
A57: Tricare East RX Review | E57: =Pivots!C26 | F57: =Pivots!D26 | J57: =Pivots!E26 | K57: =IFERROR(F57/E57,"")
E58: =Pivots!C27 | F58: =Pivots!D27 | J58: =Pivots!E27 | K58: =IFERROR(F58/E58,"")
A59: Total | B59: =C59*I59*8 -> #VALUE! | C59: =SUM(C33:C56) -> 0 | E59: =SUM(E33:E58) -> 101.3635 | F59: =SUM(F33:F58) -> 658 | G59: =IFERROR(B59-F59,"") | H59: =IFERROR(F59/B59,"") | I59: =IFERROR(AVERAGE(I33:I56),"") | J59: =SUM(J33:J58) -> 713 | K59: =IFERROR(AVERAGE(K33:K58),"") -> 11.454029 | L59: =IFERROR(G59/K59,"") | M59: =IFERROR(L59/8,"")
A61: ILO
A62: Campaign | B62: RECORDS ASSIGNED | C62: Headcount | E62: Actual Log in hours | F62: RECORDS COMPLETED | G62: RECORDS REMAINING | H62: COMPLETION RATE | I62: RPH GOAL | J62: Points | K62: ACTUAL RPH | L62: HOURS NEEDED TO COMPLETE | M62: HC NEEDED TO COMPLETE | N62: SLA %
A63: Confirmed Sales | B63: =C63*I63*8 -> 0 | E63: =Pivots!I2 -> 0.7397 | F63: =Pivots!J2 -> 9 | G63: =IFERROR(B63-F63,"") -> -9 | H63: =IFERROR(F63/B63,"") | J63: =Pivots!K2 -> 5 | K63: =IFERROR(F63/E63,"") -> 12.167095 | L63: =IFERROR(G63/K63,"") -> -0.7397 | M63: =IFERROR(L63/8,"") -> -0.0924625
A64: Edocument | B64: =C64*I64*8 -> 0 | E64: =Pivots!I3 | F64: =Pivots!J3 | G64: =IFERROR(B64-F64,"") | H64: =IFERROR(F64/B64,"") | J64: =Pivots!K3 | K64: =IFERROR(F64/E64,"") | L64: =IFERROR(G64/K64,"") | M64: =IFERROR(L64/8,"")
A65: Edocument Prio | B65: =C65*I65*8 -> 0 | E65: =Pivots!I4 | F65: =Pivots!J4 | G65: =IFERROR(B65-F65,"") | H65: =IFERROR(F65/B65,"") | J65: =Pivots!K4 | K65: =IFERROR(F65/E65,"") | L65: =IFERROR(G65/K65,"") | M65: =IFERROR(L65/8,"")
A66: DCAH scrubs | B66: =C66*I66*8 -> 0 | E66: =Pivots!I5 | F66: =Pivots!J5 | G66: =IFERROR(B66-F66,"") | H66: =IFERROR(F66/B66,"") | J66: =Pivots!K5 | K66: =IFERROR(F66/E66,"") | L66: =IFERROR(G66/K66,"") | M66: =IFERROR(L66/8,"")
A67: DCAH | B67: =C67*I67*8 -> 0 | E67: =Pivots!I6 -> 4.8122 | F67: =Pivots!J6 -> 41 | G67: =IFERROR(B67-F67,"") -> -41 | H67: =IFERROR(F67/B67,"") | J67: =Pivots!K6 -> 2 | K67: =IFERROR(F67/E67,"") -> 8.5200116 | L67: =IFERROR(G67/K67,"") -> -4.8122 | M67: =IFERROR(L67/8,"") -> -0.601525
A68: ARM | B68: =C68*I68*8 -> 0 | E68: =Pivots!I7 -> 26.2502 | F68: =Pivots!J7 -> 405 | G68: =IFERROR(B68-F68,"") -> -405 | H68: =IFERROR(F68/B68,"") | J68: =Pivots!K7 -> 52 | K68: =IFERROR(F68/E68,"") -> 15.428454 | L68: =IFERROR(G68/K68,"") -> -26.2502 | M68: =IFERROR(L68/8,"") -> -3.281275
A69: Patient Call | B69: =C69*I69*8 -> 0 | E69: =Pivots!I8 -> 28.121 | F69: =Pivots!J8 -> 400 | G69: =IFERROR(B69-F69,"") -> -400 | H69: =IFERROR(F69/B69,"") | J69: =Pivots!K8 -> 56 | K69: =IFERROR(F69/E69,"") -> 14.224245 | L69: =IFERROR(G69/K69,"") -> -28.121 | M69: =IFERROR(L69/8,"") -> -3.515125
A70: VSA | B70: =C70*I70*8 -> 0 | E70: =Pivots!I9 -> 17.5144 | F70: =Pivots!J9 -> 359 | G70: =IFERROR(B70-F70,"") -> -359 | H70: =IFERROR(F70/B70,"") | J70: =Pivots!K9 -> 63 | K70: =IFERROR(F70/E70,"") -> 20.497419 | L70: =IFERROR(G70/K70,"") -> -17.5144 | M70: =IFERROR(L70/8,"") -> -2.1893
A71: Benver | B71: =C71*I71*8 -> 0 | E71: =Pivots!I10 | F71: =Pivots!J10 | G71: =IFERROR(B71-F71,"") | H71: =IFERROR(F71/B71,"") | J71: =Pivots!K10 | K71: =IFERROR(F71/E71,"") | L71: =IFERROR(G71/K71,"") | M71: =IFERROR(L71/8,"")
A72: Rework | B72: =C72*I72*8 -> 0 | E72: =Pivots!I11 -> 2.145 | F72: =Pivots!J11 -> 22 | G72: =IFERROR(B72-F72,"") -> -22 | H72: =IFERROR(F72/B72,"") | J72: =Pivots!K11 -> 4 | K72: =IFERROR(F72/E72,"") -> 10.25641 | L72: =IFERROR(G72/K72,"") -> -2.145 | M72: =IFERROR(L72/8,"") -> -0.268125
A73: Doctor research | B73: =C73*I73*8 -> 0 | E73: =Pivots!I12 -> 5.9925 | F73: =Pivots!J12 -> 67 | G73: =IFERROR(B73-F73,"") -> -67 | H73: =IFERROR(F73/B73,"") | J73: =Pivots!K12 -> 67 | K73: =IFERROR(F73/E73,"") -> 11.180642 | L73: =IFERROR(G73/K73,"") -> -5.9925 | M73: =IFERROR(L73/8,"") -> -0.7490625
A74: Fax Research | B74: =C74*I74*8 -> 0 | E74: =Pivots!I13 -> 0.3917 | F74: =Pivots!J13 -> 8 | G74: =IFERROR(B74-F74,"") -> -8 | H74: =IFERROR(F74/B74,"") | J74: =Pivots!K13 -> 15 | K74: =IFERROR(F74/E74,"") -> 20.423794 | L74: =IFERROR(G74/K74,"") -> -0.3917 | M74: =IFERROR(L74/8,"") -> -0.0489625
A75: Fax Mapping | B75: =C75*I75*8 -> 0 | E75: =Pivots!I14 -> 11.9342 | F75: =Pivots!J14 -> 32 | G75: =IFERROR(B75-F75,"") -> -32 | H75: =IFERROR(F75/B75,"") | J75: =Pivots!K14 -> 237 | K75: =IFERROR(J75/E75,"") -> 19.858893 | L75: =IFERROR(G75/K75,"") -> -1.6113688 | M75: =IFERROR(L75/8,"") -> -0.2014211
A76: Fax Review | B76: =C76*I76*8 -> 0 | E76: =Pivots!I15 -> 3.8092 | F76: =Pivots!J15 | G76: =IFERROR(B76-F76,"") | H76: =IFERROR(F76/B76,"") | J76: =Pivots!K15 | K76: =IFERROR(J76/E76,"") | L76: =IFERROR(G76/K76,"") | M76: =IFERROR(L76/8,"")
A77: Doctor Match | B77: =C77*I77*8 -> 0 | E77: =Pivots!I16 -> 19.1083 | F77: =Pivots!J16 -> 40 | G77: =IFERROR(B77-F77,"") -> -40 | H77: =IFERROR(F77/B77,"") | J77: =Pivots!K16 -> 277 | K77: =IFERROR(F77/E77,"") -> 2.0933312 | L77: =IFERROR(G77/K77,"") -> -19.1083 | M77: =IFERROR(L77/8,"") -> -2.3885375
A78: Blank Held | B78: =C78*I78*8 -> 0 | E78: =Pivots!I17 | F78: =Pivots!J17 | G78: =IFERROR(B78-F78,"") | H78: =IFERROR(F78/B78,"") | J78: =Pivots!K17 | K78: =IFERROR(F78/E78,"") | L78: =IFERROR(G78/K78,"") | M78: =IFERROR(L78/8,"")
A79: Aging Prod Held | B79: =C79*I79*8 -> 0 | E79: =Pivots!I18 -> 3.1208 | F79: =Pivots!J18 -> 53 | G79: =IFERROR(B79-F79,"") -> -53 | H79: =IFERROR(F79/B79,"") | J79: =Pivots!K18 -> 9 | K79: =IFERROR(F79/E79,"") -> 16.982825 | L79: =IFERROR(G79/K79,"") -> -3.1208 | M79: =IFERROR(L79/8,"") -> -0.3901
A80: UHC Special Project | B80: =C80*I80*8 -> 0 | E80: =Pivots!I19 | F80: =Pivots!J19 | G80: =IFERROR(B80-F80,"") | H80: =IFERROR(F80/B80,"") | J80: =Pivots!K19 | K80: =IFERROR(F80/E80,"") | L80: =IFERROR(G80/K80,"") | M80: =IFERROR(L80/8,"")
A81: Inbound Call | B81: =C81*I81*8 -> 0 | E81: =Pivots!I20 | F81: =Pivots!J20 | G81: =IFERROR(B81-F81,"") | H81: =IFERROR(F81/B81,"") | J81: =Pivots!K20 | K81: =IFERROR(F81/E81,"") | L81: =IFERROR(G81/K81,"") | M81: =IFERROR(L81/8,"")
A82: CDT review | B82: =C82*I82*8 -> 0 | E82: =Pivots!I21 -> 3.2728 | F82: =Pivots!J21 -> 8 | G82: =IFERROR(B82-F82,"") -> -8 | H82: =IFERROR(F82/B82,"") | J82: =Pivots!K21 -> 40 | K82: =IFERROR(F82/E82,"") -> 2.4443901 | L82: =IFERROR(G82/K82,"") -> -3.2728 | M82: =IFERROR(L82/8,"") -> -0.4091
A83: Atrisk | B83: =C83*I83*8 -> 0 | E83: =Pivots!I22 | F83: =Pivots!J22 | G83: =IFERROR(B83-F83,"") | H83: =IFERROR(F83/B83,"") | J83: =Pivots!K22 | K83: =IFERROR(F83/E83,"") | L83: =IFERROR(G83/K83,"") | M83: =IFERROR(L83/8,"")
A84: No Mask | B84: =C84*I84*8 -> 0 | E84: =Pivots!I23 | F84: =Pivots!J23 | G84: =IFERROR(B84-F84,"") | H84: =IFERROR(F84/B84,"") | J84: =Pivots!K23 | K84: =IFERROR(F84/E84,"") | L84: =IFERROR(G84/K84,"") | M84: =IFERROR(L84/8,"")
A85: PAR RX Review | B85: =C85*I85*8 -> 0 | E85: =Pivots!I24 | F85: =Pivots!J24 | G85: =IFERROR(B85-F85,"") | H85: =IFERROR(F85/B85,"") | J85: =Pivots!K24 | K85: =IFERROR(F85/E85,"") | L85: =IFERROR(G85/K85,"") | M85: =IFERROR(L85/8,"")
A86: VA Medicaid | B86: =C86*I86*8 -> 0 | E86: =Pivots!I25 | F86: =Pivots!J25 | G86: =IFERROR(B86-F86,"") | H86: =IFERROR(F86/B86,"") | J86: =Pivots!K25 | K86: =IFERROR(F86/E86,"") | L86: =IFERROR(G86/K86,"") | M86: =IFERROR(L86/8,"")
A87: Tricare East RX Review | E87: =Pivots!I26 | F87: =Pivots!J26 | J87: =Pivots!K26 | K87: =IFERROR(F87/E87,"")
E88: =Pivots!I27 | F88: =Pivots!J27 | J88: =Pivots!K27 | K88: =IFERROR(F88/E88,"")
A89: Total | B89: =C89*I89*8 -> #VALUE! | C89: =SUM(C63:C86) -> 0 | E89: =SUM(E63:E88) -> 127.212 | F89: =SUM(F63:F88) -> 1444 | G89: =IFERROR(B89-F89,"") | H89: =IFERROR(F89/B89,"") | I89: =IFERROR(AVERAGE(I63:I86),"") | J89: =SUM(J63:J88) -> 827 | K89: =IFERROR(AVERAGE(K63:K88),"") -> 12.839793 | L89: =IFERROR(G89/K89,"") | M89: =IFERROR(L89/8,"")
A91: BTG
A92: Campaign | B92: RECORDS ASSIGNED | C92: Headcount | E92: Actual Log in hours | F92: RECORDS COMPLETED | G92: RECORDS REMAINING | H92: COMPLETION RATE | I92: RPH GOAL | J92: Points | K92: ACTUAL RPH | L92: HOURS NEEDED TO COMPLETE | M92: HC NEEDED TO COMPLETE | N92: SLA %
A93: Confirmed Sales | B93: =C93*I93*8 -> 0 | E93: =Pivots!O2 -> 11.7687 | F93: =Pivots!P2 -> 224 | G93: =IFERROR(B93-F93,"") -> -224 | H93: =IFERROR(F93/B93,"") | J93: =Pivots!Q2 -> 104 | K93: =IFERROR(F93/E93,"") -> 19.033538 | L93: =IFERROR(G93/K93,"") -> -11.7687 | M93: =IFERROR(L93/8,"") -> -1.4710875
A94: Edocument | B94: =C94*I94*8 -> 0 | E94: =Pivots!O3 | F94: =Pivots!P3 | G94: =IFERROR(B94-F94,"") | H94: =IFERROR(F94/B94,"") | J94: =Pivots!Q3 | K94: =IFERROR(F94/E94,"") | L94: =IFERROR(G94/K94,"") | M94: =IFERROR(L94/8,"")
A95: Edocument Prio | B95: =C95*I95*8 -> 0 | E95: =Pivots!O4 | F95: =Pivots!P4 | G95: =IFERROR(B95-F95,"") | H95: =IFERROR(F95/B95,"") | J95: =Pivots!Q4 | K95: =IFERROR(F95/E95,"") | L95: =IFERROR(G95/K95,"") | M95: =IFERROR(L95/8,"")
A96: DCAH scrubs | B96: =C96*I96*8 -> 0 | E96: =Pivots!O5 -> 42.2065 | F96: =Pivots!P5 -> 42 | G96: =IFERROR(B96-F96,"") -> -42 | H96: =IFERROR(F96/B96,"") | J96: =Pivots!Q5 -> 6 | K96: =IFERROR(F96/E96,"") -> 0.99510739 | L96: =IFERROR(G96/K96,"") -> -42.2065 | M96: =IFERROR(L96/8,"") -> -5.2758125
A97: DCAH | B97: =C97*I97*8 -> 0 | E97: =Pivots!O6 -> 61.5991 | F97: =Pivots!P6 -> 640 | G97: =IFERROR(B97-F97,"") -> -640 | H97: =IFERROR(F97/B97,"") | J97: =Pivots!Q6 -> 31 | K97: =IFERROR(F97/E97,"") -> 10.389762 | L97: =IFERROR(G97/K97,"") -> -61.5991 | M97: =IFERROR(L97/8,"") -> -7.6998875
A98: ARM | B98: =C98*I98*8 -> 0 | E98: =Pivots!O7 | F98: =Pivots!P7 | G98: =IFERROR(B98-F98,"") | H98: =IFERROR(F98/B98,"") | J98: =Pivots!Q7 | K98: =IFERROR(F98/E98,"") | L98: =IFERROR(G98/K98,"") | M98: =IFERROR(L98/8,"")
A99: Patient Call | B99: =C99*I99*8 -> 0 | E99: =Pivots!O8 -> 38.6792 | F99: =Pivots!P8 -> 446 | G99: =IFERROR(B99-F99,"") -> -446 | H99: =IFERROR(F99/B99,"") | J99: =Pivots!Q8 -> 58 | K99: =IFERROR(F99/E99,"") -> 11.530745 | L99: =IFERROR(G99/K99,"") -> -38.6792 | M99: =IFERROR(L99/8,"") -> -4.8349
A100: VSA | B100: =C100*I100*8 -> 0 | E100: =Pivots!O9 -> 1.5139 | F100: =Pivots!P9 -> 23 | G100: =IFERROR(B100-F100,"") -> -23 | H100: =IFERROR(F100/B100,"") | J100: =Pivots!Q9 -> 3 | K100: =IFERROR(F100/E100,"") -> 15.192549 | L100: =IFERROR(G100/K100,"") -> -1.5139 | M100: =IFERROR(L100/8,"") -> -0.1892375
A101: Benver | B101: =C101*I101*8 -> 0 | E101: =Pivots!O10 | F101: =Pivots!P10 | G101: =IFERROR(B101-F101,"") | H101: =IFERROR(F101/B101,"") | J101: =Pivots!Q10 | K101: =IFERROR(F101/E101,"") | L101: =IFERROR(G101/K101,"") | M101: =IFERROR(L101/8,"")
A102: Rework | B102: =C102*I102*8 -> 0 | E102: =Pivots!O11 | F102: =Pivots!P11 | G102: =IFERROR(B102-F102,"") | H102: =IFERROR(F102/B102,"") | J102: =Pivots!Q11 | K102: =IFERROR(F102/E102,"") | L102: =IFERROR(G102/K102,"") | M102: =IFERROR(L102/8,"")
A103: Doctor research | B103: =C103*I103*8 -> 0 | E103: =Pivots!O12 | F103: =Pivots!P12 | G103: =IFERROR(B103-F103,"") | H103: =IFERROR(F103/B103,"") | J103: =Pivots!Q12 | K103: =IFERROR(F103/E103,"") | L103: =IFERROR(G103/K103,"") | M103: =IFERROR(L103/8,"")
...

Sheet Sheet1
