Workbook

Sheet Pivot Table
A1: Record Count | B1: Days Grouping
A2: Campaign | B2: 3 or less | C2: #N/A | D2: Grand Total
A3: Portal Quipt All Calls | B3: 3 | C3: 1 | D3: 4
A4: Portal Quipt-Edocument | B4: 56 | C4: 11 | D4: 67
A5: Portal Quipt-Manual | C5: 29 | D5: 29
A6: Portal Quipt-PTCall | B6: 14 | C6: 1 | D6: 15
A7: Grand Total | B7: 73 | C7: 42 | D7: 115
F9: Campaign | G9: All
A11: Campaign | B11: Complete Count | F11: Touch Count | G11: Count of unqid
A12: Portal Quipt All Calls | B12: 3 | F12: 1 | G12: 67
A13: Portal Quipt-Edocument | B13: 53 | F13: 2 | G13: 3
A14: Portal Quipt-PTCall | B14: 14 | F14: Grand Total | G14: 70
A15: Grand Total | B15: 70

Sheet Quipt Prod Data
A1: CallID | B1: Campaign | C1: Direction | D1: From | E1: To | F1: AgentID | G1: AgentEmail | H1: StartTime | I1: Duration | J1: Result | K1: LeadID | L1: ExternalLeadID | M1: PubID | N1: SubID | O1: TalkTime | P1: WrapUpDuration | Q1: CompletedDate | R1: SubStatus | S1: Days Grouping
A2: 14744348 | B2: Portal Quipt All Calls | C2: Inbound | F2: hb43886 | G2: Agent0001@company.com | H2: 45917.448 | I2: 472 | J2: IB_Successful Inquiry | K2: 1056071180 | L2: QPT000928 | O2: 461 | P2: 60 | Q2: 45917.455 | R2: =IF(_xlfn.XLOOKUP(L2,'RAW DATA'!A:A,'RAW DATA'!B:B)=0,"",_xlfn.XLOOKUP(L2,'RAW DATA'!A:A,'RAW DATA'!B:B)) -> - | S2: =IF(_xlfn.XLOOKUP(L2,'RAW DATA'!A:A,'RAW DATA'!C:C)=0,"",_xlfn.XLOOKUP(L2,'RAW DATA'!A:A,'RAW DATA'!C:C)) -> 3 or less
A3: 15394230 | B3: Portal Quipt All Calls | C3: Inbound | F3: hb43886 | G3: Agent0001@company.com | H3: 45917.579 | I3: 365 | J3: IB_Successful Inquiry | K3: 1056129481 | O3: 353 | P3: 50 | Q3: 45917.584 | R3: =IF(_xlfn.XLOOKUP(L3,'RAW DATA'!A:A,'RAW DATA'!B:B)=0,"",_xlfn.XLOOKUP(L3,'RAW DATA'!A:A,'RAW DATA'!B:B)) -> #N/A | S3: =IF(_xlfn.XLOOKUP(L3,'RAW DATA'!A:A,'RAW DATA'!C:C)=0,"",_xlfn.XLOOKUP(L3,'RAW DATA'!A:A,'RAW DATA'!C:C)) -> #N/A
A4: 15489479 | B4: Portal Quipt All Calls | C4: Outbound | F4: hb43886 | G4: Agent0001@company.com | H4: 45917.597 | I4: 222 | J4: SPOKE with NURSE | K4: 1056148771 | L4: QPT000634 | O4: 222 | P4: 60 | R4: =IF(_xlfn.XLOOKUP(L4,'RAW DATA'!A:A,'RAW DATA'!B:B)=0,"",_xlfn.XLOOKUP(L4,'RAW DATA'!A:A,'RAW DATA'!B:B)) -> Wrong Doctor | S4: =IF(_xlfn.XLOOKUP(L4,'RAW DATA'!A:A,'RAW DATA'!C:C)=0,"",_xlfn.XLOOKUP(L4,'RAW DATA'!A:A,'RAW DATA'!C:C)) -> 3 or less
A5: 15524204 | B5: Portal Quipt All Calls | C5: Outbound | F5: hb43886 | G5: Agent0001@company.com | H5: 45917.604 | I5: 329 | J5: New Doctor | K5: 1056148778 | L5: QPT000758 | O5: 329 | P5: 60 | R5: =IF(_xlfn.XLOOKUP(L5,'RAW DATA'!A:A,'RAW DATA'!B:B)=0,"",_xlfn.XLOOKUP(L5,'RAW DATA'!A:A,'RAW DATA'!B:B)) -> - | S5: =IF(_xlfn.XLOOKUP(L5,'RAW DATA'!A:A,'RAW DATA'!C:C)=0,"",_xlfn.XLOOKUP(L5,'RAW DATA'!A:A,'RAW DATA'!C:C)) -> 3 or less
A6: 14690348 | B6: Portal Quipt-Edocument | C6: Outbound | F6: hb50855 | G6: Agent0002@company.com | H6: 45917.439 | I6: 18 | J6: VerfiedO2Requirement | K6: 1056068173 | L6: QPT001020 | O6: 18 | P6: 3 | R6: =IF(_xlfn.XLOOKUP(L6,'RAW DATA'!A:A,'RAW DATA'!B:B)=0,"",_xlfn.XLOOKUP(L6,'RAW DATA'!A:A,'RAW DATA'!B:B)) -> Medical Records Missing | S6: =IF(_xlfn.XLOOKUP(L6,'RAW DATA'!A:A,'RAW DATA'!C:C)=0,"",_xlfn.XLOOKUP(L6,'RAW DATA'!A:A,'RAW DATA'!C:C)) -> 3 or less
A7: 14692060 | B7: Portal Quipt-Edocument | C7: Outbound | F7: hb50855 | G7: Agent0002@company.com | H7: 45917.439 | I7: 26 | J7: VerfiedO2Requirement | K7: 1056068245 | L7: QPT000863 | O7: 26 | P7: 3 | R7: =IF(_xlfn.XLOOKUP(L7,'RAW DATA'!A:A,'RAW DATA'!B:B)=0,"",_xlfn.XLOOKUP(L7,'RAW DATA'!A:A,'RAW DATA'!B:B)) -> EDocument | S7: =IF(_xlfn.XLOOKUP(L7,'RAW DATA'!A:A,'RAW DATA'!C:C)=0,"",_xlfn.XLOOKUP(L7,'RAW DATA'!A:A,'RAW DATA'!C:C)) -> 3 or less
A8: 14694932 | B8: Portal Quipt-Edocument | C8: Outbound | F8: hb50855 | G8: Agent0002@company.com | H8: 45917.439 | I8: 0 | J8: Dialer - Busy | O8: 0 | R8: =IF(_xlfn.XLOOKUP(L8,'RAW DATA'!A:A,'RAW DATA'!B:B)=0,"",_xlfn.XLOOKUP(L8,'RAW DATA'!A:A,'RAW DATA'!B:B)) -> #N/A | S8: =IF(_xlfn.XLOOKUP(L8,'RAW DATA'!A:A,'RAW DATA'!C:C)=0,"",_xlfn.XLOOKUP(L8,'RAW DATA'!A:A,'RAW DATA'!C:C)) -> #N/A
A9: 14696465 | B9: Portal Quipt-Edocument | C9: Outbound | F9: hb50855 | G9: Agent0002@company.com | H9: 45917.44 | I9: 10 | J9: VerfiedO2Requirement | K9: 1056068340 | L9: QPT000789 | O9: 10 | P9: 4 | R9: =IF(_xlfn.XLOOKUP(L9,'RAW DATA'!A:A,'RAW DATA'!B:B)=0,"",_xlfn.XLOOKUP(L9,'RAW DATA'!A:A,'RAW DATA'!B:B)) -> - | S9: =IF(_xlfn.XLOOKUP(L9,'RAW DATA'!A:A,'RAW DATA'!C:C)=0,"",_xlfn.XLOOKUP(L9,'RAW DATA'!A:A,'RAW DATA'!C:C)) -> 3 or less
A10: 14698177 | B10: Portal Quipt-Edocument | C10: Outbound | F10: hb50855 | G10: Agent0002@company.com | H10: 45917.44 | I10: 14 | J10: VerfiedO2Requirement | K10: 1056068414 | L10: QPT000788 | O10: 14 | P10: 3 | R10: =IF(_xlfn.XLOOKUP(L10,'RAW DATA'!A:A,'RAW DATA'!B:B)=0,"",_xlfn.XLOOKUP(L10,'RAW DATA'!A:A,'RAW DATA'!B:B)) -> Medical Records Need Review | S10: =IF(_xlfn.XLOOKUP(L10,'RAW DATA'!A:A,'RAW DATA'!C:C)=0,"",_xlfn.XLOOKUP(L10,'RAW DATA'!A:A,'RAW DATA'!C:C)) -> 3 or less
A11: 14699815 | B11: Portal Quipt-Edocument | C11: Outbound | F11: hb50855 | G11: Agent0002@company.com | H11: 45917.44 | I11: 18 | J11: VerfiedO2Requirement | K11: 1056068483 | L11: QPT000787 | O11: 18 | P11: 3 | R11: =IF(_xlfn.XLOOKUP(L11,'RAW DATA'!A:A,'RAW DATA'!B:B)=0,"",_xlfn.XLOOKUP(L11,'RAW DATA'!A:A,'RAW DATA'!B:B)) -> - | S11: =IF(_xlfn.XLOOKUP(L11,'RAW DATA'!A:A,'RAW DATA'!C:C)=0,"",_xlfn.XLOOKUP(L11,'RAW DATA'!A:A,'RAW DATA'!C:C)) -> 3 or less
A12: 14701957 | B12: Portal Quipt-Edocument | C12: Outbound | F12: hb50855 | G12: Agent0002@company.com | H12: 45917.441 | I12: 22 | J12: VerfiedO2Requirement | K12: 1056068570 | L12: QPT000786 | O12: 22 | P12: 3 | R12: =IF(_xlfn.XLOOKUP(L12,'RAW DATA'!A:A,'RAW DATA'!B:B)=0,"",_xlfn.XLOOKUP(L12,'RAW DATA'!A:A,'RAW DATA'!B:B)) -> EDocument | S12: =IF(_xlfn.XLOOKUP(L12,'RAW DATA'!A:A,'RAW DATA'!C:C)=0,"",_xlfn.XLOOKUP(L12,'RAW DATA'!A:A,'RAW DATA'!C:C)) -> 3 or less
A13: 14704269 | B13: Portal Quipt-Edocument | C13: Outbound | F13: hb50855 | G13: Agent0002@company.com | H13: 45917.441 | I13: 21 | J13: VerfiedO2Requirement | K13: 1056068666 | L13: QPT000785 | O13: 21 | P13: 3 | R13: =IF(_xlfn.XLOOKUP(L13,'RAW DATA'!A:A,'RAW DATA'!B:B)=0,"",_xlfn.XLOOKUP(L13,'RAW DATA'!A:A,'RAW DATA'!B:B)) -> EDocument | S13: =IF(_xlfn.XLOOKUP(L13,'RAW DATA'!A:A,'RAW DATA'!C:C)=0,"",_xlfn.XLOOKUP(L13,'RAW DATA'!A:A,'RAW DATA'!C:C)) -> 3 or less
A14: 14707064 | B14: Portal Quipt-Edocument | C14: Outbound | F14: hb50855 | G14: Agent0002@company.com | H14: 45917.442 | I14: 16 | J14: VerfiedO2Requirement | K14: 1056068745 | L14: QPT000784 | O14: 16 | P14: 3 | R14: =IF(_xlfn.XLOOKUP(L14,'RAW DATA'!A:A,'RAW DATA'!B:B)=0,"",_xlfn.XLOOKUP(L14,'RAW DATA'!A:A,'RAW DATA'!B:B)) -> EDocument | S14: =IF(_xlfn.XLOOKUP(L14,'RAW DATA'!A:A,'RAW DATA'!C:C)=0,"",_xlfn.XLOOKUP(L14,'RAW DATA'!A:A,'RAW DATA'!C:C)) -> 3 or less
A15: 14708987 | B15: Portal Quipt-Edocument | C15: Outbound | F15: hb50855 | G15: Agent0002@company.com | H15: 45917.442 | I15: 60 | J15: Dialer - No Answer | O15: 60 | R15: =IF(_xlfn.XLOOKUP(L15,'RAW DATA'!A:A,'RAW DATA'!B:B)=0,"",_xlfn.XLOOKUP(L15,'RAW DATA'!A:A,'RAW DATA'!B:B)) -> #N/A | S15: =IF(_xlfn.XLOOKUP(L15,'RAW DATA'!A:A,'RAW DATA'!C:C)=0,"",_xlfn.XLOOKUP(L15,'RAW DATA'!A:A,'RAW DATA'!C:C)) -> #N/A
A16: 14713293 | B16: Portal Quipt-Edocument | C16: Outbound | F16: hb50855 | G16: Agent0002@company.com | H16: 45917.443 | I16: 36 | J16: VerfiedO2Requirement | K16: 1056068961 | L16: QPT000782 | O16: 36 | P16: 4 | R16: =IF(_xlfn.XLOOKUP(L16,'RAW DATA'!A:A,'RAW DATA'!B:B)=0,"",_xlfn.XLOOKUP(L16,'RAW DATA'!A:A,'RAW DATA'!B:B)) -> - | S16: =IF(_xlfn.XLOOKUP(L16,'RAW DATA'!A:A,'RAW DATA'!C:C)=0,"",_xlfn.XLOOKUP(L16,'RAW DATA'!A:A,'RAW DATA'!C:C)) -> 3 or less
A17: 14716248 | B17: Portal Quipt-Edocument | C17: Outbound | F17: hb50855 | G17: Agent0002@company.com | H17: 45917.443 | I17: 60 | J17: Dialer - No Answer | O17: 60 | R17: =IF(_xlfn.XLOOKUP(L17,'RAW DATA'!A:A,'RAW DATA'!B:B)=0,"",_xlfn.XLOOKUP(L17,'RAW DATA'!A:A,'RAW DATA'!B:B)) -> #N/A | S17: =IF(_xlfn.XLOOKUP(L17,'RAW DATA'!A:A,'RAW DATA'!C:C)=0,"",_xlfn.XLOOKUP(L17,'RAW DATA'!A:A,'RAW DATA'!C:C)) -> #N/A
A18: 14721432 | B18: Portal Quipt-Edocument | C18: Outbound | F18: hb50855 | G18: Agent0002@company.com | H18: 45917.444 | I18: 21 | J18: VerfiedO2Requirement | K18: 1056069221 | L18: QPT000780 | O18: 21 | P18: 6 | R18: =IF(_xlfn.XLOOKUP(L18,'RAW DATA'!A:A,'RAW DATA'!B:B)=0,"",_xlfn.XLOOKUP(L18,'RAW DATA'!A:A,'RAW DATA'!B:B)) -> - | S18: =IF(_xlfn.XLOOKUP(L18,'RAW DATA'!A:A,'RAW DATA'!C:C)=0,"",_xlfn.XLOOKUP(L18,'RAW DATA'!A:A,'RAW DATA'!C:C)) -> 3 or less
A19: 14723951 | B19: Portal Quipt-Edocument | C19: Outbound | F19: hb50855 | G19: Agent0002@company.com | H19: 45917.445 | I19: 13 | J19: VerfiedO2Requirement | K19: 1056069339 | L19: QPT000779 | O19: 13 | R19: =IF(_xlfn.XLOOKUP(L19,'RAW DATA'!A:A,'RAW DATA'!B:B)=0,"",_xlfn.XLOOKUP(L19,'RAW DATA'!A:A,'RAW DATA'!B:B)) -> - | S19: =IF(_xlfn.XLOOKUP(L19,'RAW DATA'!A:A,'RAW DATA'!C:C)=0,"",_xlfn.XLOOKUP(L19,'RAW DATA'!A:A,'RAW DATA'!C:C)) -> 3 or less
A20: 14726576 | B20: Portal Quipt-Edocument | C20: Outbound | F20: hb50855 | G20: Agent0002@company.com | H20: 45917.445 | I20: 20 | J20: VerfiedO2Requirement | K20: 1056069417 | L20: QPT000778 | O20: 20 | P20: 3 | R20: =IF(_xlfn.XLOOKUP(L20,'RAW DATA'!A:A,'RAW DATA'!B:B)=0,"",_xlfn.XLOOKUP(L20,'RAW DATA'!A:A,'RAW DATA'!B:B)) -> - | S20: =IF(_xlfn.XLOOKUP(L20,'RAW DATA'!A:A,'RAW DATA'!C:C)=0,"",_xlfn.XLOOKUP(L20,'RAW DATA'!A:A,'RAW DATA'!C:C)) -> 3 or less
A21: 14728620 | B21: Portal Quipt-Edocument | C21: Outbound | F21: hb50855 | G21: Agent0002@company.com | H21: 45917.446 | I21: 12 | J21: VerfiedO2Requirement | K21: 1056069475 | L21: QPT000777 | O21: 12 | P21: 3 | R21: =IF(_xlfn.XLOOKUP(L21,'RAW DATA'!A:A,'RAW DATA'!B:B)=0,"",_xlfn.XLOOKUP(L21,'RAW DATA'!A:A,'RAW DATA'!B:B)) -> EDocument | S21: =IF(_xlfn.XLOOKUP(L21,'RAW DATA'!A:A,'RAW DATA'!C:C)=0,"",_xlfn.XLOOKUP(L21,'RAW DATA'!A:A,'RAW DATA'!C:C)) -> 3 or less
A22: 14730542 | B22: Portal Quipt-Edocument | C22: Outbound | F22: hb50855 | G22: Agent0002@company.com | H22: 45917.446 | I22: 33 | J22: VerfiedO2Requirement | K22: 1056069606 | L22: QPT000776 | O22: 33 | P22: 4 | R22: =IF(_xlfn.XLOOKUP(L22,'RAW DATA'!A:A,'RAW DATA'!B:B)=0,"",_xlfn.XLOOKUP(L22,'RAW DATA'!A:A,'RAW DATA'!B:B)) -> - | S22: =IF(_xlfn.XLOOKUP(L22,'RAW DATA'!A:A,'RAW DATA'!C:C)=0,"",_xlfn.XLOOKUP(L22,'RAW DATA'!A:A,'RAW DATA'!C:C)) -> 3 or less
A23: 14733721 | B23: Portal Quipt-Edocument | C23: Outbound | F23: hb50855 | G23: Agent0002@company.com | H23: 45917.447 | I23: 60 | J23: Dialer - No Answer | O23: 60 | R23: =IF(_xlfn.XLOOKUP(L23,'RAW DATA'!A:A,'RAW DATA'!B:B)=0,"",_xlfn.XLOOKUP(L23,'RAW DATA'!A:A,'RAW DATA'!B:B)) -> #N/A | S23: =IF(_xlfn.XLOOKUP(L23,'RAW DATA'!A:A,'RAW DATA'!C:C)=0,"",_xlfn.XLOOKUP(L23,'RAW DATA'!A:A,'RAW DATA'!C:C)) -> #N/A
A24: 14738324 | B24: Portal Quipt-Edocument | C24: Outbound | F24: hb50855 | G24: Agent0002@company.com | H24: 45917.447 | I24: 51 | J24: VerfiedO2Requirement | K24: 1056069834 | L24: QPT000774 | O24: 51 | P24: 3 | R24: =IF(_xlfn.XLOOKUP(L24,'RAW DATA'!A:A,'RAW DATA'!B:B)=0,"",_xlfn.XLOOKUP(L24,'RAW DATA'!A:A,'RAW DATA'!B:B)) -> - | S24: =IF(_xlfn.XLOOKUP(L24,'RAW DATA'!A:A,'RAW DATA'!C:C)=0,"",_xlfn.XLOOKUP(L24,'RAW DATA'!A:A,'RAW DATA'!C:C)) -> 3 or less
A25: 14742754 | B25: Portal Quipt-Edocument | C25: Outbound | F25: hb50855 | G25: Agent0002@company.com | H25: 45917.448 | I25: 11 | J25: VerfiedO2Requirement | K25: 1056069964 | L25: QPTeving data. Wait a few seconds and try to cut or copy again | O25: 11 | P25: 4 | R25: =IF(_xlfn.XLOOKUP(L25,'RAW DATA'!A:A,'RAW DATA'!B:B)=0,"",_xlfn.XLOOKUP(L25,'RAW DATA'!A:A,'RAW DATA'!B:B)) -> #N/A | S25: =IF(_xlfn.XLOOKUP(L25,'RAW DATA'!A:A,'RAW DATA'!C:C)=0,"",_xlfn.XLOOKUP(L25,'RAW DATA'!A:A,'RAW DATA'!C:C)) -> #N/A
A26: 14744589 | B26: Portal Quipt-Edocument | C26: Outbound | F26: hb50855 | G26: Agent0002@company.com | H26: 45917.448 | I26: 15 | J26: VerfiedO2Requirement | K26: 1056070029 | L26: QPT000772 | O26: 15 | P26: 4 | R26: =IF(_xlfn.XLOOKUP(L26,'RAW DATA'!A:A,'RAW DATA'!B:B)=0,"",_xlfn.XLOOKUP(L26,'RAW DATA'!A:A,'RAW DATA'!B:B)) -> EDocument | S26: =IF(_xlfn.XLOOKUP(L26,'RAW DATA'!A:A,'RAW DATA'!C:C)=0,"",_xlfn.XLOOKUP(L26,'RAW DATA'!A:A,'RAW DATA'!C:C)) -> 3 or less
A27: 14748333 | B27: Portal Quipt-Edocument | C27: Outbound | F27: hb50855 | G27: Agent0002@company.com | H27: 45917.449 | I27: 75 | J27: VerfiedO2Requirement | K27: 1056070289 | L27: QPT000771 | O27: 75 | P27: 3 | R27: =IF(_xlfn.XLOOKUP(L27,'RAW DATA'!A:A,'RAW DATA'!B:B)=0,"",_xlfn.XLOOKUP(L27,'RAW DATA'!A:A,'RAW DATA'!B:B)) -> - | S27: =IF(_xlfn.XLOOKUP(L27,'RAW DATA'!A:A,'RAW DATA'!C:C)=0,"",_xlfn.XLOOKUP(L27,'RAW DATA'!A:A,'RAW DATA'!C:C)) -> 3 or less
A28: 14755307 | B28: Portal Quipt-Edocument | C28: Outbound | F28: hb50855 | G28: Agent0002@company.com | H28: 45917.45 | I28: 72 | J28: VerfiedO2Requirement | K28: 1056070394 | L28: QPT000770 | O28: 72 | P28: 4 | R28: =IF(_xlfn.XLOOKUP(L28,'RAW DATA'!A:A,'RAW DATA'!B:B)=0,"",_xlfn.XLOOKUP(L28,'RAW DATA'!A:A,'RAW DATA'!B:B)) -> - | S28: =IF(_xlfn.XLOOKUP(L28,'RAW DATA'!A:A,'RAW DATA'!C:C)=0,"",_xlfn.XLOOKUP(L28,'RAW DATA'!A:A,'RAW DATA'!C:C)) -> 3 or less
A29: 14761923 | B29: Portal Quipt-Edocument | C29: Outbound | F29: hb50855 | G29: Agent0002@company.com | H29: 45917.451 | I29: 83 | J29: VerfiedO2Requirement | O29: 83 | P29: 3 | R29: =IF(_xlfn.XLOOKUP(L29,'RAW DATA'!A:A,'RAW DATA'!B:B)=0,"",_xlfn.XLOOKUP(L29,'RAW DATA'!A:A,'RAW DATA'!B:B)) -> #N/A | S29: =IF(_xlfn.XLOOKUP(L29,'RAW DATA'!A:A,'RAW DATA'!C:C)=0,"",_xlfn.XLOOKUP(L29,'RAW DATA'!A:A,'RAW DATA'!C:C)) -> #N/A
A30: 14768766 | B30: Portal Quipt-Edocument | C30: Outbound | F30: hb50855 | G30: Agent0002@company.com | H30: 45917.453 | I30: 40 | J30: VerfiedO2Requirement | K30: 1056070848 | L30: QPT000768 | O30: 40 | P30: 3 | R30: =IF(_xlfn.XLOOKUP(L30,'RAW DATA'!A:A,'RAW DATA'!B:B)=0,"",_xlfn.XLOOKUP(L30,'RAW DATA'!A:A,'RAW DATA'!B:B)) -> - | S30: =IF(_xlfn.XLOOKUP(L30,'RAW DATA'!A:A,'RAW DATA'!C:C)=0,"",_xlfn.XLOOKUP(L30,'RAW DATA'!A:A,'RAW DATA'!C:C)) -> 3 or less
A31: 14772858 | B31: Portal Quipt-Edocument | C31: Outbound | F31: hb50855 | G31: Agent0002@company.com | H31: 45917.453 | I31: 17 | J31: VerfiedO2Requirement | K31: 1056071001 | L31: QPT000767 | O31: 17 | P31: 4 | R31: =IF(_xlfn.XLOOKUP(L31,'RAW DATA'!A:A,'RAW DATA'!B:B)=0,"",_xlfn.XLOOKUP(L31,'RAW DATA'!A:A,'RAW DATA'!B:B)) -> - | S31: =IF(_xlfn.XLOOKUP(L31,'RAW DATA'!A:A,'RAW DATA'!C:C)=0,"",_xlfn.XLOOKUP(L31,'RAW DATA'!A:A,'RAW DATA'!C:C)) -> 3 or less
A32: 14775100 | B32: Portal Quipt-Edocument | C32: Outbound | F32: hb50855 | G32: Agent0002@company.com | H32: 45917.454 | I32: 81 | J32: VerfiedO2Requirement | K32: 1056071089 | L32: QPTeving data. Wait a few seconds and try to cut or copy again | O32: 81 | P32: 29 | R32: =IF(_xlfn.XLOOKUP(L32,'RAW DATA'!A:A,'RAW DATA'!B:B)=0,"",_xlfn.XLOOKUP(L32,'RAW DATA'!A:A,'RAW DATA'!B:B)) -> #N/A | S32: =IF(_xlfn.XLOOKUP(L32,'RAW DATA'!A:A,'RAW DATA'!C:C)=0,"",_xlfn.XLOOKUP(L32,'RAW DATA'!A:A,'RAW DATA'!C:C)) -> #N/A
A33: 14782009 | B33: Portal Quipt-Edocument | C33: Outbound | F33: hb50855 | G33: Agent0002@company.com | H33: 45917.455 | I33: 22 | J33: VerfiedO2Requirement | K33: 1056071348 | L33: QPT000765 | O33: 22 | P33: 2 | R33: =IF(_xlfn.XLOOKUP(L33,'RAW DATA'!A:A,'RAW DATA'!B:B)=0,"",_xlfn.XLOOKUP(L33,'RAW DATA'!A:A,'RAW DATA'!B:B)) -> EDocument | S33: =IF(_xlfn.XLOOKUP(L33,'RAW DATA'!A:A,'RAW DATA'!C:C)=0,"",_xlfn.XLOOKUP(L33,'RAW DATA'!A:A,'RAW DATA'!C:C)) -> 3 or less
A34: 14785470 | B34: Portal Quipt-Edocument | C34: Outbound | F34: hb50855 | G34: Agent0002@company.com | H34: 45917.456 | I34: 14 | J34: VerfiedO2Requirement | K34: 1056071431 | L34: QPTeving data. Wait a few seconds and try to cut or copy again | O34: 13 | P34: 4 | R34: =IF(_xlfn.XLOOKUP(L34,'RAW DATA'!A:A,'RAW DATA'!B:B)=0,"",_xlfn.XLOOKUP(L34,'RAW DATA'!A:A,'RAW DATA'!B:B)) -> #N/A | S34: =IF(_xlfn.XLOOKUP(L34,'RAW DATA'!A:A,'RAW DATA'!C:C)=0,"",_xlfn.XLOOKUP(L34,'RAW DATA'!A:A,'RAW DATA'!C:C)) -> #N/A
A35: 14787451 | B35: Portal Quipt-Edocument | C35: Outbound | F35: hb50855 | G35: Agent0002@company.com | H35: 45917.456 | I35: 13 | J35: VerfiedO2Requirement | K35: 1056071495 | L35: QPT000762 | O35: 13 | P35: 3 | R35: =IF(_xlfn.XLOOKUP(L35,'RAW DATA'!A:A,'RAW DATA'!B:B)=0,"",_xlfn.XLOOKUP(L35,'RAW DATA'!A:A,'RAW DATA'!B:B)) -> EDocument | S35: =IF(_xlfn.XLOOKUP(L35,'RAW DATA'!A:A,'RAW DATA'!C:C)=0,"",_xlfn.XLOOKUP(L35,'RAW DATA'!A:A,'RAW DATA'!C:C)) -> 3 or less
A36: 14789671 | B36: Portal Quipt-Edocument | C36: Outbound | F36: hb50855 | G36: Agent0002@company.com | H36: 45917.456 | I36: 56 | J36: VerfiedO2Requirement | K36: 1056071570 | L36: QPT000761 | O36: 56 | P36: 3 | R36: =IF(_xlfn.XLOOKUP(L36,'RAW DATA'!A:A,'RAW DATA'!B:B)=0,"",_xlfn.XLOOKUP(L36,'RAW DATA'!A:A,'RAW DATA'!B:B)) -> - | S36: =IF(_xlfn.XLOOKUP(L36,'RAW DATA'!A:A,'RAW DATA'!C:C)=0,"",_xlfn.XLOOKUP(L36,'RAW DATA'!A:A,'RAW DATA'!C:C)) -> 3 or less
A37: 14794273 | B37: Portal Quipt-Edocument | C37: Outbound | F37: hb50855 | G37: Agent0002@company.com | H37: 45917.457 | I37: 60 | J37: Dialer - No Answer | K37: 1056071752 | L37: QPTeving data. Wait a few seconds and try to cut or copy again | O37: 60 | R37: =IF(_xlfn.XLOOKUP(L37,'RAW DATA'!A:A,'RAW DATA'!B:B)=0,"",_xlfn.XLOOKUP(L37,'RAW DATA'!A:A,'RAW DATA'!B:B)) -> #N/A | S37: =IF(_xlfn.XLOOKUP(L37,'RAW DATA'!A:A,'RAW DATA'!C:C)=0,"",_xlfn.XLOOKUP(L37,'RAW DATA'!A:A,'RAW DATA'!C:C)) -> #N/A
A38: 14814911 | B38: Portal Quipt-Edocument | C38: Outbound | F38: hb50855 | G38: Agent0002@company.com | H38: 45917.461 | I38: 15 | J38: VerfiedO2Requirement | K38: 1056072471 | L38: QPT000759 | O38: 15 | P38: 2 | R38: =IF(_xlfn.XLOOKUP(L38,'RAW DATA'!A:A,'RAW DATA'!B:B)=0,"",_xlfn.XLOOKUP(L38,'RAW DATA'!A:A,'RAW DATA'!B:B)) -> - | S38: =IF(_xlfn.XLOOKUP(L38,'RAW DATA'!A:A,'RAW DATA'!C:C)=0,"",_xlfn.XLOOKUP(L38,'RAW DATA'!A:A,'RAW DATA'!C:C)) -> 3 or less
A39: 14816112 | B39: Portal Quipt-Edocument | C39: Outbound | F39: hb50855 | G39: Agent0002@company.com | H39: 45917.461 | I39: 12 | J39: VerfiedO2Requirement | K39: 1056072520 | L39: QPT000758 | O39: 12 | P39: 4 | R39: =IF(_xlfn.XLOOKUP(L39,'RAW DATA'!A:A,'RAW DATA'!B:B)=0,"",_xlfn.XLOOKUP(L39,'RAW DATA'!A:A,'RAW DATA'!B:B)) -> - | S39: =IF(_xlfn.XLOOKUP(L39,'RAW DATA'!A:A,'RAW DATA'!C:C)=0,"",_xlfn.XLOOKUP(L39,'RAW DATA'!A:A,'RAW DATA'!C:C)) -> 3 or less
A40: 14817269 | B40: Portal Quipt-Edocument | C40: Outbound | F40: hb50855 | G40: Agent0002@company.com | H40: 45917.462 | I40: 12 | J40: VerfiedO2Requirement | K40: 1056072565 | L40: QPT000757 | O40: 12 | P40: 3 | R40: =IF(_xlfn.XLOOKUP(L40,'RAW DATA'!A:A,'RAW DATA'!B:B)=0,"",_xlfn.XLOOKUP(L40,'RAW DATA'!A:A,'RAW DATA'!B:B)) -> EDocument | S40: =IF(_xlfn.XLOOKUP(L40,'RAW DATA'!A:A,'RAW DATA'!C:C)=0,"",_xlfn.XLOOKUP(L40,'RAW DATA'!A:A,'RAW DATA'!C:C)) -> 3 or less
A41: 14818467 | B41: Portal Quipt-Edocument | C41: Outbound | F41: hb50855 | G41: Agent0002@company.com | H41: 45917.462 | I41: 14 | J41: VerfiedO2Requirement | K41: 1056072635 | L41: QPT000750 | O41: 14 | P41: 9 | R41: =IF(_xlfn.XLOOKUP(L41,'RAW DATA'!A:A,'RAW DATA'!B:B)=0,"",_xlfn.XLOOKUP(L41,'RAW DATA'!A:A,'RAW DATA'!B:B)) -> - | S41: =IF(_xlfn.XLOOKUP(L41,'RAW DATA'!A:A,'RAW DATA'!C:C)=0,"",_xlfn.XLOOKUP(L41,'RAW DATA'!A:A,'RAW DATA'!C:C)) -> 3 or less
A42: 14822036 | B42: Portal Quipt-Edocument | C42: Outbound | F42: hb50855 | G42: Agent0002@company.com | H42: 45917.463 | I42: 41 | J42: VerfiedO2Requirement | K42: 1056072789 | L42: QPT000634 | O42: 41 | P42: 3 | R42: =IF(_xlfn.XLOOKUP(L42,'RAW DATA'!A:A,'RAW DATA'!B:B)=0,"",_xlfn.XLOOKUP(L42,'RAW DATA'!A:A,'RAW DATA'!B:B)) -> Wrong Doctor | S42: =IF(_xlfn.XLOOKUP(L42,'RAW DATA'!A:A,'RAW DATA'!C:C)=0,"",_xlfn.XLOOKUP(L42,'RAW DATA'!A:A,'RAW DATA'!C:C)) -> 3 or less
A43: 15435937 | B43: Portal Quipt-Edocument | C43: Outbound | F43: hb50855 | G43: Agent0002@company.com | H43: 45917.587 | I43: 27 | J43: VerfiedO2Requirement | K43: 1056133480 | L43: QPT000606 | O43: 27 | P43: 3 | R43: =IF(_xlfn.XLOOKUP(L43,'RAW DATA'!A:A,'RAW DATA'!B:B)=0,"",_xlfn.XLOOKUP(L43,'RAW DATA'!A:A,'RAW DATA'!B:B)) -> - | S43: =IF(_xlfn.XLOOKUP(L43,'RAW DATA'!A:A,'RAW DATA'!C:C)=0,"",_xlfn.XLOOKUP(L43,'RAW DATA'!A:A,'RAW DATA'!C:C)) -> 3 or less
A44: 15508171 | B44: Portal Quipt-Edocument | C44: Outbound | F44: hb50855 | G44: Agent0002@company.com | H44: 45917.6 | I44: 62 | J44: VerfiedO2Requirement | K44: 1056151257 | L44: QPT000613 | O44: 62 | P44: 3 | R44: =IF(_xlfn.XLOOKUP(L44,'RAW DATA'!A:A,'RAW DATA'!B:B)=0,"",_xlfn.XLOOKUP(L44,'RAW DATA'!A:A,'RAW DATA'!B:B)) -> - | S44: =IF(_xlfn.XLOOKUP(L44,'RAW DATA'!A:A,'RAW DATA'!C:C)=0,"",_xlfn.XLOOKUP(L44,'RAW DATA'!A:A,'RAW DATA'!C:C)) -> 3 or less
A45: 15531138 | B45: Portal Quipt-Edocument | C45: Outbound | F45: hb50855 | G45: Agent0002@company.com | H45: 45917.605 | I45: 20 | J45: VerfiedO2Requirement | K45: 1056155219 | L45: QPT000614 | O45: 20 | P45: 2 | R45: =IF(_xlfn.XLOOKUP(L45,'RAW DATA'!A:A,'RAW DATA'!B:B)=0,"",_xlfn.XLOOKUP(L45,'RAW DATA'!A:A,'RAW DATA'!B:B)) -> - | S45: =IF(_xlfn.XLOOKUP(L45,'RAW DATA'!A:A,'RAW DATA'!C:C)=0,"",_xlfn.XLOOKUP(L45,'RAW DATA'!A:A,'RAW DATA'!C:C)) -> 3 or less
A46: 15535997 | B46: Portal Quipt-Edocument | C46: Outbound | F46: hb50855 | G46: Agent0002@company.com | H46: 45917.606 | I46: 16 | J46: VerfiedO2Requirement | K46: 1056156908 | L46: QPT000615 | O46: 16 | P46: 11 | R46: =IF(_xlfn.XLOOKUP(L46,'RAW DATA'!A:A,'RAW DATA'!B:B)=0,"",_xlfn.XLOOKUP(L46,'RAW DATA'!A:A,'RAW DATA'!B:B)) -> - | S46: =IF(_xlfn.XLOOKUP(L46,'RAW DATA'!A:A,'RAW DATA'!C:C)=0,"",_xlfn.XLOOKUP(L46,'RAW DATA'!A:A,'RAW DATA'!C:C)) -> 3 or less
A47: 15564505 | B47: Portal Quipt-Edocument | C47: Outbound | F47: hb50855 | G47: Agent0002@company.com | H47: 45917.612 | I47: 60 | J47: Dialer - No Answer | K47: 1056157980 | L47: QPT000619 | O47: 60 | R47: =IF(_xlfn.XLOOKUP(L47,'RAW DATA'!A:A,'RAW DATA'!B:B)=0,"",_xlfn.XLOOKUP(L47,'RAW DATA'!A:A,'RAW DATA'!B:B)) -> - | S47: =IF(_xlfn.XLOOKUP(L47,'RAW DATA'!A:A,'RAW DATA'!C:C)=0,"",_xlfn.XLOOKUP(L47,'RAW DATA'!A:A,'RAW DATA'!C:C)) -> 3 or less
A48: 15569617 | B48: Portal Quipt-Edocument | C48: Outbound | F48: hb50855 | G48: Agent0002@company.com | H48: 45917.614 | I48: 23 | J48: VerfiedO2Requirement | K48: 1056158116 | L48: QPT000621 | O48: 23 | P48: 3 | R48: =IF(_xlfn.XLOOKUP(L48,'RAW DATA'!A:A,'RAW DATA'!B:B)=0,"",_xlfn.XLOOKUP(L48,'RAW DATA'!A:A,'RAW DATA'!B:B)) -> Medical Records Approved | S48: =IF(_xlfn.XLOOKUP(L48,'RAW DATA'!A:A,'RAW DATA'!C:C)=0,"",_xlfn.XLOOKUP(L48,'RAW DATA'!A:A,'RAW DATA'!C:C)) -> 3 or less
A49: 15574462 | B49: Portal Quipt-Edocument | C49: Outbound | F49: hb50855 | G49: Agent0002@company.com | H49: 45917.615 | I49: 21 | J49: VerfiedO2Requirement | K49: 1056158268 | L49: QPT000622 | O49: 21 | P49: 11 | R49: =IF(_xlfn.XLOOKUP(L49,'RAW DATA'!A:A,'RAW DATA'!B:B)=0,"",_xlfn.XLOOKUP(L49,'RAW DATA'!A:A,'RAW DATA'!B:B)) -> EDocument | S49: =IF(_xlfn.XLOOKUP(L49,'RAW DATA'!A:A,'RAW DATA'!C:C)=0,"",_xlfn.XLOOKUP(L49,'RAW DATA'!A:A,'RAW DATA'!C:C)) -> 3 or less
A50: 16035893 | B50: Portal Quipt-Edocument | C50: Outbound | F50: hb50855 | G50: Agent0002@company.com | H50: 45917.705 | I50: 13 | J50: VerfiedO2Requirement | K50: 1056172555 | L50: QPT000627 | O50: 13 | P50: 8 | R50: =IF(_xlfn.XLOOKUP(L50,'RAW DATA'!A:A,'RAW DATA'!B:B)=0,"",_xlfn.XLOOKUP(L50,'RAW DATA'!A:A,'RAW DATA'!B:B)) -> Medical Records Approved | S50: =IF(_xlfn.XLOOKUP(L50,'RAW DATA'!A:A,'RAW DATA'!C:C)=0,"",_xlfn.XLOOKUP(L50,'RAW DATA'!A:A,'RAW DATA'!C:C)) -> 3 or less
A51: 16037807 | B51: Portal Quipt-Edocument | C51: Outbound | F51: hb50855 | G51: Agent0002@company.com | H51: 45917.706 | I51: 19 | J51: VerfiedO2Requirement | K51: 1056172625 | L51: QPT000630 | O51: 19 | P51: 2 | R51: =IF(_xlfn.XLOOKUP(L51,'RAW DATA'!A:A,'RAW DATA'!B:B)=0,"",_xlfn.XLOOKUP(L51,'RAW DATA'!A:A,'RAW DATA'!B:B)) -> - | S51: =IF(_xlfn.XLOOKUP(L51,'RAW DATA'!A:A,'RAW DATA'!C:C)=0,"",_xlfn.XLOOKUP(L51,'RAW DATA'!A:A,'RAW DATA'!C:C)) -> 3 or less
A52: 16039564 | B52: Portal Quipt-Edocument | C52: Outbound | F52: hb50855 | G52: Agent0002@company.com | H52: 45917.706 | I52: 60 | J52: Dialer - No Answer | K52: 1056172694 | L52: QPT000635 | O52: 60 | R52: =IF(_xlfn.XLOOKUP(L52,'RAW DATA'!A:A,'RAW DATA'!B:B)=0,"",_xlfn.XLOOKUP(L52,'RAW DATA'!A:A,'RAW DATA'!B:B)) -> - | S52: =IF(_xlfn.XLOOKUP(L52,'RAW DATA'!A:A,'RAW DATA'!C:C)=0,"",_xlfn.XLOOKUP(L52,'RAW DATA'!A:A,'RAW DATA'!C:C)) -> 3 or less
A53: 16044061 | B53: Portal Quipt-Edocument | C53: Outbound | F53: hb50855 | G53: Agent0002@company.com | H53: 45917.707 | I53: 13 | J53: VerfiedO2Requirement | K53: 1056172801 | L53: QPT000637 | O53: 13 | P53: 3 | R53: =IF(_xlfn.XLOOKUP(L53,'RAW DATA'!A:A,'RAW DATA'!B:B)=0,"",_xlfn.XLOOKUP(L53,'RAW DATA'!A:A,'RAW DATA'!B:B)) -> - | S53: =IF(_xlfn.XLOOKUP(L53,'RAW DATA'!A:A,'RAW DATA'!C:C)=0,"",_xlfn.XLOOKUP(L53,'RAW DATA'!A:A,'RAW DATA'!C:C)) -> 3 or less
A54: 16045457 | B54: Portal Quipt-Edocument | C54: Outbound | F54: hb50855 | G54: Agent0002@company.com | H54: 45917.707 | I54: 21 | J54: VerfiedO2Requirement | K54: 1056172855 | L54: QPT000645 | O54: 21 | P54: 4 | R54: =IF(_xlfn.XLOOKUP(L54,'RAW DATA'!A:A,'RAW DATA'!B:B)=0,"",_xlfn.XLOOKUP(L54,'RAW DATA'!A:A,'RAW DATA'!B:B)) -> - | S54: =IF(_xlfn.XLOOKUP(L54,'RAW DATA'!A:A,'RAW DATA'!C:C)=0,"",_xlfn.XLOOKUP(L54,'RAW DATA'!A:A,'RAW DATA'!C:C)) -> 3 or less
A55: 16047518 | B55: Portal Quipt-Edocument | C55: Outbound | F55: hb50855 | G55: Agent0002@company.com | H55: 45917.708 | I55: 19 | J55: VerfiedO2Requirement | K55: 1056172922 | L55: QPT000648 | O55: 19 | P55: 2 | R55: =IF(_xlfn.XLOOKUP(L55,'RAW DATA'!A:A,'RAW DATA'!B:B)=0,"",_xlfn.XLOOKUP(L55,'RAW DATA'!A:A,'RAW DATA'!B:B)) -> EDocument | S55: =IF(_xlfn.XLOOKUP(L55,'RAW DATA'!A:A,'RAW DATA'!C:C)=0,"",_xlfn.XLOOKUP(L55,'RAW DATA'!A:A,'RAW DATA'!C:C)) -> 3 or less
A56: 16049012 | B56: Portal Quipt-Edocument | C56: Outbound | F56: hb50855 | G56: Agent0002@company.com | H56: 45917.708 | I56: 60 | J56: Dialer - No Answer | K56: 1056172954 | L56: QPT000652 | O56: 60 | R56: =IF(_xlfn.XLOOKUP(L56,'RAW DATA'!A:A,'RAW DATA'!B:B)=0,"",_xlfn.XLOOKUP(L56,'RAW DATA'!A:A,'RAW DATA'!B:B)) -> - | S56: =IF(_xlfn.XLOOKUP(L56,'RAW DATA'!A:A,'RAW DATA'!C:C)=0,"",_xlfn.XLOOKUP(L56,'RAW DATA'!A:A,'RAW DATA'!C:C)) -> 3 or less
A57: 16052175 | B57: Portal Quipt-Edocument | C57: Outbound | F57: hb50855 | G57: Agent0002@company.com | H57: 45917.709 | I57: 60 | J57: Dialer - No Answer | K57: 1056173134 | L57: QPT000657 | O57: 60 | R57: =IF(_xlfn.XLOOKUP(L57,'RAW DATA'!A:A,'RAW DATA'!B:B)=0,"",_xlfn.XLOOKUP(L57,'RAW DATA'!A:A,'RAW DATA'!B:B)) -> - | S57: =IF(_xlfn.XLOOKUP(L57,'RAW DATA'!A:A,'RAW DATA'!C:C)=0,"",_xlfn.XLOOKUP(L57,'RAW DATA'!A:A,'RAW DATA'!C:C)) -> 3 or less
A58: 16056841 | B58: Portal Quipt-Edocument | C58: Outbound | F58: hb50855 | G58: Agent0002@company.com | H58: 45917.71 | I58: 21 | J58: VerfiedO2Requirement | K58: 1056173410 | L58: QPT000658 | O58: 21 | P58: 3 | R58: =IF(_xlfn.XLOOKUP(L58,'RAW DATA'!A:A,'RAW DATA'!B:B)=0,"",_xlfn.XLOOKUP(L58,'RAW DATA'!A:A,'RAW DATA'!B:B)) -> - | S58: =IF(_xlfn.XLOOKUP(L58,'RAW DATA'!A:A,'RAW DATA'!C:C)=0,"",_xlfn.XLOOKUP(L58,'RAW DATA'!A:A,'RAW DATA'!C:C)) -> 3 or less
A59: 16058545 | B59: Portal Quipt-Edocument | C59: Outbound | F59: hb50855 | G59: Agent0002@company.com | H59: 45917.71 | I59: 23 | J59: VerfiedO2Requirement | K59: 1056173469 | L59: QPT000697 | O59: 23 | P59: 2 | R59: =IF(_xlfn.XLOOKUP(L59,'RAW DATA'!A:A,'RAW DATA'!B:B)=0,"",_xlfn.XLOOKUP(L59,'RAW DATA'!A:A,'RAW DATA'!B:B)) -> - | S59: =IF(_xlfn.XLOOKUP(L59,'RAW DATA'!A:A,'RAW DATA'!C:C)=0,"",_xlfn.XLOOKUP(L59,'RAW DATA'!A:A,'RAW DATA'!C:C)) -> 3 or less
A60: 16060818 | B60: Portal Quipt-Edocument | C60: Outbound | F60: hb50855 | G60: Agent0002@company.com | H60: 45917.71 | I60: 60 | J60: Dialer - No Answer | K60: 1056173575 | L60: QPT000703 | O60: 60 | R60: =IF(_xlfn.XLOOKUP(L60,'RAW DATA'!A:A,'RAW DATA'!B:B)=0,"",_xlfn.XLOOKUP(L60,'RAW DATA'!A:A,'RAW DATA'!B:B)) -> - | S60: =IF(_xlfn.XLOOKUP(L60,'RAW DATA'!A:A,'RAW DATA'!C:C)=0,"",_xlfn.XLOOKUP(L60,'RAW DATA'!A:A,'RAW DATA'!C:C)) -> 3 or less
A61: 16064624 | B61: Portal Quipt-Edocument | C61: Outbound | F61: hb50855 | G61: Agent0002@company.com | H61: 45917.711 | I61: 60 | J61: Dialer - No Answer | O61: 60 | R61: =IF(_xlfn.XLOOKUP(L61,'RAW DATA'!A:A,'RAW DATA'!B:B)=0,"",_xlfn.XLOOKUP(L61,'RAW DATA'!A:A,'RAW DATA'!B:B)) -> #N/A | S61: =IF(_xlfn.XLOOKUP(L61,'RAW DATA'!A:A,'RAW DATA'!C:C)=0,"",_xlfn.XLOOKUP(L61,'RAW DATA'!A:A,'RAW DATA'!C:C)) -> #N/A
A62: 16068430 | B62: Portal Quipt-Edocument | C62: Outbound | F62: hb50855 | G62: Agent0002@company.com | H62: 45917.712 | I62: 21 | J62: VerfiedO2Requirement | K62: 1056173932 | L62: QPT000710 | O62: 21 | P62: 3 | R62: =IF(_xlfn.XLOOKUP(L62,'RAW DATA'!A:A,'RAW DATA'!B:B)=0,"",_xlfn.XLOOKUP(L62,'RAW DATA'!A:A,'RAW DATA'!B:B)) -> - | S62: =IF(_xlfn.XLOOKUP(L62,'RAW DATA'!A:A,'RAW DATA'!C:C)=0,"",_xlfn.XLOOKUP(L62,'RAW DATA'!A:A,'RAW DATA'!C:C)) -> 3 or less
A63: 16070273 | B63: Portal Quipt-Edocument | C63: Outbound | F63: hb50855 | G63: Agent0002@company.com | H63: 45917.712 | I63: 18 | J63: VerfiedO2Requirement | K63: 1056174043 | L63: QPT000715 | O63: 18 | P63: 4 | R63: =IF(_xlfn.XLOOKUP(L63,'RAW DATA'!A:A,'RAW DATA'!B:B)=0,"",_xlfn.XLOOKUP(L63,'RAW DATA'!A:A,'RAW DATA'!B:B)) -> EDocument | S63: =IF(_xlfn.XLOOKUP(L63,'RAW DATA'!A:A,'RAW DATA'!C:C)=0,"",_xlfn.XLOOKUP(L63,'RAW DATA'!A:A,'RAW DATA'!C:C)) -> 3 or less
A64: 16072002 | B64: Portal Quipt-Edocument | C64: Outbound | F64: hb50855 | G64: Agent0002@company.com | H64: 45917.713 | I64: 16 | J64: VerfiedO2Requirement | K64: 1056174098 | L64: QPT000718 | O64: 16 | P64: 2 | R64: =IF(_xlfn.XLOOKUP(L64,'RAW DATA'!A:A,'RAW DATA'!B:B)=0,"",_xlfn.XLOOKUP(L64,'RAW DATA'!A:A,'RAW DATA'!B:B)) -> - | S64: =IF(_xlfn.XLOOKUP(L64,'RAW DATA'!A:A,'RAW DATA'!C:C)=0,"",_xlfn.XLOOKUP(L64,'RAW DATA'!A:A,'RAW DATA'!C:C)) -> 3 or less
A65: 16073426 | B65: Portal Quipt-Edocument | C65: Outbound | F65: hb50855 | G65: Agent0002@company.com | H65: 45917.713 | I65: 0 | J65: Dialer - Busy | O65: 0 | R65: =IF(_xlfn.XLOOKUP(L65,'RAW DATA'!A:A,'RAW DATA'!B:B)=0,"",_xlfn.XLOOKUP(L65,'RAW DATA'!A:A,'RAW DATA'!B:B)) -> #N/A | S65: =IF(_xlfn.XLOOKUP(L65,'RAW DATA'!A:A,'RAW DATA'!C:C)=0,"",_xlfn.XLOOKUP(L65,'RAW DATA'!A:A,'RAW DATA'!C:C)) -> #N/A
A66: 16074321 | B66: Portal Quipt-Edocument | C66: Outbound | F66: hb50855 | G66: Agent0002@company.com | H66: 45917.713 | I66: 17 | J66: VerfiedO2Requirement | K66: 1056174211 | L66: QPT000725 | O66: 17 | P66: 2 | R66: =IF(_xlfn.XLOOKUP(L66,'RAW DATA'!A:A,'RAW DATA'!B:B)=0,"",_xlfn.XLOOKUP(L66,'RAW DATA'!A:A,'RAW DATA'!B:B)) -> - | S66: =IF(_xlfn.XLOOKUP(L66,'RAW DATA'!A:A,'RAW DATA'!C:C)=0,"",_xlfn.XLOOKUP(L66,'RAW DATA'!A:A,'RAW DATA'!C:C)) -> 3 or less
A67: 16075786 | B67: Portal Quipt-Edocument | C67: Outbound | F67: hb50855 | G67: Agent0002@company.com | H67: 45917.714 | I67: 26 | J67: VerfiedO2Requirement | K67: 1056174276 | L67: QPT000750 | O67: 26 | P67: 3 | R67: =IF(_xlfn.XLOOKUP(L67,'RAW DATA'!A:A,'RAW DATA'!B:B)=0,"",_xlfn.XLOOKUP(L67,'RAW DATA'!A:A,'RAW DATA'!B:B)) -> - | S67: =IF(_xlfn.XLOOKUP(L67,'RAW DATA'!A:A,'RAW DATA'!C:C)=0,"",_xlfn.XLOOKUP(L67,'RAW DATA'!A:A,'RAW DATA'!C:C)) -> 3 or less
A68: 16078074 | B68: Portal Quipt-Edocument | C68: Outbound | F68: hb50855 | G68: Agent0002@company.com | H68: 45917.714 | I68: 21 | J68: VerfiedO2Requirement | K68: 1056174325 | L68: QPT000796 | O68: 21 | P68: 2 | R68: =IF(_xlfn.XLOOKUP(L68,'RAW DATA'!A:A,'RAW DATA'!B:B)=0,"",_xlfn.XLOOKUP(L68,'RAW DATA'!A:A,'RAW DATA'!B:B)) -> - | S68: =IF(_xlfn.XLOOKUP(L68,'RAW DATA'!A:A,'RAW DATA'!C:C)=0,"",_xlfn.XLOOKUP(L68,'RAW DATA'!A:A,'RAW DATA'!C:C)) -> 3 or less
A69: 16079759 | B69: Portal Quipt-Edocument | C69: Outbound | F69: hb50855 | G69: Agent0002@company.com | H69: 45917.715 | I69: 33 | J69: VerfiedO2Requirement | K69: 1056174376 | L69: QPT000801 | O69: 33 | P69: 3 | R69: =IF(_xlfn.XLOOKUP(L69,'RAW DATA'!A:A,'RAW DATA'!B:B)=0,"",_xlfn.XLOOKUP(L69,'RAW DATA'!A:A,'RAW DATA'!B:B)) -> - | S69: =IF(_xlfn.XLOOKUP(L69,'RAW DATA'!A:A,'RAW DATA'!C:C)=0,"",_xlfn.XLOOKUP(L69,'RAW DATA'!A:A,'RAW DATA'!C:C)) -> 3 or less
A70: 16082617 | B70: Portal Quipt-Edocument | C70: Outbound | F70: hb50855 | G70: Agent0002@company.com | H70: 45917.715 | I70: 24 | J70: VerfiedO2Requirement | K70: 1056174469 | L70: QPT000806 | O70: 24 | P70: 3 | R70: =IF(_xlfn.XLOOKUP(L70,'RAW DATA'!A:A,'RAW DATA'!B:B)=0,"",_xlfn.XLOOKUP(L70,'RAW DATA'!A:A,'RAW DATA'!B:B)) -> - | S70: =IF(_xlfn.XLOOKUP(L70,'RAW DATA'!A:A,'RAW DATA'!C:C)=0,"",_xlfn.XLOOKUP(L70,'RAW DATA'!A:A,'RAW DATA'!C:C)) -> 3 or less
A71: 16084421 | B71: Portal Quipt-Edocument | C71: Outbound | F71: hb50855 | G71: Agent0002@company.com | H71: 45917.716 | I71: 19 | J71: VerfiedO2Requirement | K71: 1056174515 | L71: QPT000865 | O71: 19 | P71: 3 | R71: =IF(_xlfn.XLOOKUP(L71,'RAW DATA'!A:A,'RAW DATA'!B:B)=0,"",_xlfn.XLOOKUP(L71,'RAW DATA'!A:A,'RAW DATA'!B:B)) -> - | S71: =IF(_xlfn.XLOOKUP(L71,'RAW DATA'!A:A,'RAW DATA'!C:C)=0,"",_xlfn.XLOOKUP(L71,'RAW DATA'!A:A,'RAW DATA'!C:C)) -> 3 or less
A72: 16086113 | B72: Portal Quipt-Edocument | C72: Outbound | F72: hb50855 | G72: Agent0002@company.com | H72: 45917.716 | I72: 21 | J72: VerfiedO2Requirement | K72: 1056174569 | L72: QPT000998 | O72: 21 | P72: 2 | R72: =IF(_xlfn.XLOOKUP(L72,'RAW DATA'!A:A,'RAW DATA'!B:B)=0,"",_xlfn.XLOOKUP(L72,'RAW DATA'!A:A,'RAW DATA'!B:B)) -> - | S72: =IF(_xlfn.XLOOKUP(L72,'RAW DATA'!A:A,'RAW DATA'!C:C)=0,"",_xlfn.XLOOKUP(L72,'RAW DATA'!A:A,'RAW DATA'!C:C)) -> 3 or less
A73: 14368416 | B73: Portal Quipt-Manual | C73: Outbound | F73: hb50151 | G73: Agent0003@company.com | H73: 45917.341 | I73: 73 | J73: Wrong Number | O73: 73 | P73: 14 | R73: =IF(_xlfn.XLOOKUP(L73,'RAW DATA'!A:A,'RAW DATA'!B:B)=0,"",_xlfn.XLOOKUP(L73,'RAW DATA'!A:A,'RAW DATA'!B:B)) -> #N/A | S73: =IF(_xlfn.XLOOKUP(L73,'RAW DATA'!A:A,'RAW DATA'!C:C)=0,"",_xlfn.XLOOKUP(L73,'RAW DATA'!A:A,'RAW DATA'!C:C)) -> #N/A
A74: 14593839 | B74: Portal Quipt-Manual | C74: Outbound | F74: hb42611 | G74: Agent0004@company.com | H74: 45917.421 | I74: 110 | J74: NoMNAvailable | K74: 1056064051 | O74: 110 | P74: 54 | R74: =IF(_xlfn.XLOOKUP(L74,'RAW DATA'!A:A,'RAW DATA'!B:B)=0,"",_xlfn.XLOOKUP(L74,'RAW DATA'!A:A,'RAW DATA'!B:B)) -> #N/A | S74: =IF(_xlfn.XLOOKUP(L74,'RAW DATA'!A:A,'RAW DATA'!C:C)=0,"",_xlfn.XLOOKUP(L74,'RAW DATA'!A:A,'RAW DATA'!C:C)) -> #N/A
A75: 14608317 | B75: Portal Quipt-Manual | C75: Outbound | F75: hb42611 | G75: Agent0004@company.com | H75: 45917.423 | I75: 105 | J75: NoMNAvailable | K75: 1056064481 | O75: 105 | P75: 2 | R75: =IF(_xlfn.XLOOKUP(L75,'RAW DATA'!A:A,'RAW DATA'!B:B)=0,"",_xlfn.XLOOKUP(L75,'RAW DATA'!A:A,'RAW DATA'!B:B)) -> #N/A | S75: =IF(_xlfn.XLOOKUP(L75,'RAW DATA'!A:A,'RAW DATA'!C:C)=0,"",_xlfn.XLOOKUP(L75,'RAW DATA'!A:A,'RAW DATA'!C:C)) -> #N/A
A76: 14627673 | B76: Portal Quipt-Manual | C76: Outbound | F76: hb42611 | G76: Agent0004@company.com | H76: 45917.427 | I76: 244 | J76: Missing CMN | K76: 1056065252 | O76: 244 | P76: 4 | R76: =IF(_xlfn.XLOOKUP(L76,'RAW DATA'!A:A,'RAW DATA'!B:B)=0,"",_xlfn.XLOOKUP(L76,'RAW DATA'!A:A,'RAW DATA'!B:B)) -> #N/A | S76: =IF(_xlfn.XLOOKUP(L76,'RAW DATA'!A:A,'RAW DATA'!C:C)=0,"",_xlfn.XLOOKUP(L76,'RAW DATA'!A:A,'RAW DATA'!C:C)) -> #N/A
A77: 14667524 | B77: Portal Quipt-Manual | C77: Outbound | F77: hb42611 | G77: Agent0004@company.com | H77: 45917.435 | I77: 209 | J77: Missing CMN | K77: 1056067402 | O77: 209 | P77: 6 | R77: =IF(_xlfn.XLOOKUP(L77,'RAW DATA'!A:A,'RAW DATA'!B:B)=0,"",_xlfn.XLOOKUP(L77,'RAW DATA'!A:A,'RAW DATA'!B:B)) -> #N/A | S77: =IF(_xlfn.XLOOKUP(L77,'RAW DATA'!A:A,'RAW DATA'!C:C)=0,"",_xlfn.XLOOKUP(L77,'RAW DATA'!A:A,'RAW DATA'!C:C)) -> #N/A
A78: 14677046 | B78: Portal Quipt-Manual | C78: Outbound | F78: hb50855 | G78: Agent0002@company.com | H78: 45917.436 | I78: 120 | O78: 120 | P78: 20 | R78: =IF(_xlfn.XLOOKUP(L78,'RAW DATA'!A:A,'RAW DATA'!B:B)=0,"",_xlfn.XLOOKUP(L78,'RAW DATA'!A:A,'RAW DATA'!B:B)) -> #N/A | S78: =IF(_xlfn.XLOOKUP(L78,'RAW DATA'!A:A,'RAW DATA'!C:C)=0,"",_xlfn.XLOOKUP(L78,'RAW DATA'!A:A,'RAW DATA'!C:C)) -> #N/A
A79: 14707478 | B79: Portal Quipt-Manual | C79: Outbound | F79: hb42611 | G79: Agent0004@company.com | H79: 45917.442 | I79: 244 | J79: Missing CMN | K79: 1056068749 | O79: 244 | P79: 20 | R79: =IF(_xlfn.XLOOKUP(L79,'RAW DATA'!A:A,'RAW DATA'!B:B)=0,"",_xlfn.XLOOKUP(L79,'RAW DATA'!A:A,'RAW DATA'!B:B)) -> #N/A | S79: =IF(_xlfn.XLOOKUP(L79,'RAW DATA'!A:A,'RAW DATA'!C:C)=0,"",_xlfn.XLOOKUP(L79,'RAW DATA'!A:A,'RAW DATA'!C:C)) -> #N/A
A80: 14754097 | B80: Portal Quipt-Manual | C80: Outbound | F80: hb42611 | G80: Agent0004@company.com | H80: 45917.45 | I80: 311 | J80: Missing Chart Notes | K80: 1056070351 | O80: 311 | P80: 6 | R80: =IF(_xlfn.XLOOKUP(L80,'RAW DATA'!A:A,'RAW DATA'!B:B)=0,"",_xlfn.XLOOKUP(L80,'RAW DATA'!A:A,'RAW DATA'!B:B)) -> #N/A | S80: =IF(_xlfn.XLOOKUP(L80,'RAW DATA'!A:A,'RAW DATA'!C:C)=0,"",_xlfn.XLOOKUP(L80,'RAW DATA'!A:A,'RAW DATA'!C:C)) -> #N/A
A81: 14789047 | B81: Portal Quipt-Manual | C81: Outbound | F81: hb42611 | G81: Agent0004@company.com | H81: 45917.456 | I81: 108 | J81: Missing CMN | K81: 1056071571 | O81: 108 | P81: 39 | R81: =IF(_xlfn.XLOOKUP(L81,'RAW DATA'!A:A,'RAW DATA'!B:B)=0,"",_xlfn.XLOOKUP(L81,'RAW DATA'!A:A,'RAW DATA'!B:B)) -> #N/A | S81: =IF(_xlfn.XLOOKUP(L81,'RAW DATA'!A:A,'RAW DATA'!C:C)=0,"",_xlfn.XLOOKUP(L81,'RAW DATA'!A:A,'RAW DATA'!C:C)) -> #N/A
A82: 14813726 | B82: Portal Quipt-Manual | C82: Outbound | F82: hb42611 | G82: Agent0004@company.com | H82: 45917.461 | I82: 250 | J82: Missing Chart Notes | K82: 1056072432 | O82: 250 | P82: 11 | R82: =IF(_xlfn.XLOOKUP(L82,'RAW DATA'!A:A,'RAW DATA'!B:B)=0,"",_xlfn.XLOOKUP(L82,'RAW DATA'!A:A,'RAW DATA'!B:B)) -> #N/A | S82: =IF(_xlfn.XLOOKUP(L82,'RAW DATA'!A:A,'RAW DATA'!C:C)=0,"",_xlfn.XLOOKUP(L82,'RAW DATA'!A:A,'RAW DATA'!C:C)) -> #N/A
A83: 15105537 | B83: Portal Quipt-Manual | C83: Outbound | F83: hb42611 | G83: Agent0004@company.com | H83: 45917.517 | I83: 247 | J83: Missing Chart Notes | K83: 1056097391 | O83: 247 | P83: 5 | R83: =IF(_xlfn.XLOOKUP(L83,'RAW DATA'!A:A,'RAW DATA'!B:B)=0,"",_xlfn.XLOOKUP(L83,'RAW DATA'!A:A,'RAW DATA'!B:B)) -> #N/A | S83: =IF(_xlfn.XLOOKUP(L83,'RAW DATA'!A:A,'RAW DATA'!C:C)=0,"",_xlfn.XLOOKUP(L83,'RAW DATA'!A:A,'RAW DATA'!C:C)) -> #N/A
A84: 15143016 | B84: Portal Quipt-Manual | C84: Outbound | F84: hb42611 | G84: Agent0004@company.com | H84: 45917.525 | I84: 113 | J84: Missing Chart Notes | K84: 1056098550 | O84: 113 | P84: 43 | R84: =IF(_xlfn.XLOOKUP(L84,'RAW DATA'!A:A,'RAW DATA'!B:B)=0,"",_xlfn.XLOOKUP(L84,'RAW DATA'!A:A,'RAW DATA'!B:B)) -> #N/A | S84: =IF(_xlfn.XLOOKUP(L84,'RAW DATA'!A:A,'RAW DATA'!C:C)=0,"",_xlfn.XLOOKUP(L84,'RAW DATA'!A:A,'RAW DATA'!C:C)) -> #N/A
A85: 15165958 | B85: Portal Quipt-Manual | C85: Outbound | F85: hb42611 | G85: Agent0004@company.com | H85: 45917.529 | I85: 331 | J85: Missing Chart Notes | K85: 1056099292 | O85: 331 | P85: 7 | R85: =IF(_xlfn.XLOOKUP(L85,'RAW DATA'!A:A,'RAW DATA'!B:B)=0,"",_xlfn.XLOOKUP(L85,'RAW DATA'!A:A,'RAW DATA'!B:B)) -> #N/A | S85: =IF(_xlfn.XLOOKUP(L85,'RAW DATA'!A:A,'RAW DATA'!C:C)=0,"",_xlfn.XLOOKUP(L85,'RAW DATA'!A:A,'RAW DATA'!C:C)) -> #N/A
A86: 15217910 | B86: Portal Quipt-Manual | C86: Outbound | F86: hb42611 | G86: Agent0004@company.com | H86: 45917.54 | I86: 435 | J86: Missing Chart Notes | K86: 1056101035 | O86: 435 | P86: 6 | R86: =IF(_xlfn.XLOOKUP(L86,'RAW DATA'!A:A,'RAW DATA'!B:B)=0,"",_xlfn.XLOOKUP(L86,'RAW DATA'!A:A,'RAW DATA'!B:B)) -> #N/A | S86: =IF(_xlfn.XLOOKUP(L86,'RAW DATA'!A:A,'RAW DATA'!C:C)=0,"",_xlfn.XLOOKUP(L86,'RAW DATA'!A:A,'RAW DATA'!C:C)) -> #N/A
A87: 15259249 | B87: Portal Quipt-Manual | C87: Outbound | F87: hb42611 | G87: Agent0004@company.com | H87: 45917.549 | I87: 164 | J87: Missing Chart Notes | K87: 1056109647 | O87: 164 | P87: 3 | R87: =IF(_xlfn.XLOOKUP(L87,'RAW DATA'!A:A,'RAW DATA'!B:B)=0,"",_xlfn.XLOOKUP(L87,'RAW DATA'!A:A,'RAW DATA'!B:B)) -> #N/A | S87: =IF(_xlfn.XLOOKUP(L87,'RAW DATA'!A:A,'RAW DATA'!C:C)=0,"",_xlfn.XLOOKUP(L87,'RAW DATA'!A:A,'RAW DATA'!C:C)) -> #N/A
A88: 15289881 | B88: Portal Quipt-Manual | C88: Outbound | F88: hb42611 | G88: Agent0004@company.com | H88: 45917.556 | I88: 110 | J88: Missing Chart Notes | K88: 1056110624 | O88: 110 | P88: 4 | R88: =IF(_xlfn.XLOOKUP(L88,'RAW DATA'!A:A,'RAW DATA'!B:B)=0,"",_xlfn.XLOOKUP(L88,'RAW DATA'!A:A,'RAW DATA'!B:B)) -> #N/A | S88: =IF(_xlfn.XLOOKUP(L88,'RAW DATA'!A:A,'RAW DATA'!C:C)=0,"",_xlfn.XLOOKUP(L88,'RAW DATA'!A:A,'RAW DATA'!C:C)) -> #N/A
A89: 15306645 | B89: Portal Quipt-Manual | C89: Outbound | F89: hb42611 | G89: Agent0004@company.com | H89: 45917.56 | I89: 386 | J89: Missing Chart Notes | K89: 1056111128 | O89: 386 | P89: 4 | R89: =IF(_xlfn.XLOOKUP(L89,'RAW DATA'!A:A,'RAW DATA'!B:B)=0,"",_xlfn.XLOOKUP(L89,'RAW DATA'!A:A,'RAW DATA'!B:B)) -> #N/A | S89: =IF(_xlfn.XLOOKUP(L89,'RAW DATA'!A:A,'RAW DATA'!C:C)=0,"",_xlfn.XLOOKUP(L89,'RAW DATA'!A:A,'RAW DATA'!C:C)) -> #N/A
A90: 15331558 | B90: Portal Quipt-Manual | C90: Outbound | F90: hb42608 | G90: Agent0005@company.com | H90: 45917.565 | I90: 185 | J90: Successful Fax | SP | K90: 1056112229 | O90: 185 | P90: 60 | R90: =IF(_xlfn.XLOOKUP(L90,'RAW DATA'!A:A,'RAW DATA'!B:B)=0,"",_xlfn.XLOOKUP(L90,'RAW DATA'!A:A,'RAW DATA'!B:B)) -> #N/A | S90: =IF(_xlfn.XLOOKUP(L90,'RAW DATA'!A:A,'RAW DATA'!C:C)=0,"",_xlfn.XLOOKUP(L90,'RAW DATA'!A:A,'RAW DATA'!C:C)) -> #N/A
... A98: 15668787 | B98: Portal Quipt-Manual | C98: Outbound | F98: hb42611 | G98: Agent0004@company.com | H98: 45917.633 | I98: 775 | J98: Missing PAR | K98: 1056161048 | O98: 775 | P98: 4 | R98: =IF(_xlfn.XLOOKUP(L98,'RAW DATA'!A:A,'RAW DATA'!B:B)=0,"",_xlfn.XLOOKUP(L98,'RAW DATA'!A:A,'RAW DATA'!B:B)) -> #N/A | S98: =IF(_xlfn.XLOOKUP(L98,'RAW DATA'!A:A,'RAW DATA'!C:C)=0,"",_xlfn.XLOOKUP(L98,'RAW DATA'!A:A,'RAW DATA'!C:C)) -> #N/A
A99: 15699368 | B99: Portal Quipt-Manual | C99: Outbound | F99: hb42608 | G99: Agent0005@company.com | H99: 45917.639 | I99: 11 | J99: Dialer - No Answer | O99: 11 | R99: =IF(_xlfn.XLOOKUP(L99,'RAW DATA'!A:A,'RAW DATA'!B:B)=0,"",_xlfn.XLOOKUP(L99,'RAW DATA'!A:A,'RAW DATA'!B:B)) -> #N/A | S99: =IF(_xlfn.XLOOKUP(L99,'RAW DATA'!A:A,'RAW DATA'!C:C)=0,"",_xlfn.XLOOKUP(L99,'RAW DATA'!A:A,'RAW DATA'!C:C)) -> #N/A
A100: 15735118 | B100: Portal Quipt-Manual | C100: Outbound | F100: hb42608 | G100: Agent0005@company.com | H100: 45917.646 | I100: 61 | J100: Dialer - No Answer | O100: 60 | R100: =IF(_xlfn.XLOOKUP(L100,'RAW DATA'!A:A,'RAW DATA'!B:B)=0,"",_xlfn.XLOOKUP(L100,'RAW DATA'!A:A,'RAW DATA'!B:B)) -> #N/A | S100: =IF(_xlfn.XLOOKUP(L100,'RAW DATA'!A:A,'RAW DATA'!C:C)=0,"",_xlfn.XLOOKUP(L100,'RAW DATA'!A:A,'RAW DATA'!C:C)) -> #N/A
A101: 15765341 | B101: Portal Quipt-Manual | C101: Outbound | F101: hb42608 | G101: Agent0005@company.com | H101: 45917.651 | I101: 111 | J101: DRForFollowUp | K101: 1056163985 | O101: 111 | P101: 31 | R101: =IF(_xlfn.XLOOKUP(L101,'RAW DATA'!A:A,'RAW DATA'!B:B)=0,"",_xlfn.XLOOKUP(L101,'RAW DATA'!A:A,'RAW DATA'!B:B)) -> #N/A | S101: =IF(_xlfn.XLOOKUP(L101,'RAW DATA'!A:A,'RAW DATA'!C:C)=0,"",_xlfn.XLOOKUP(L101,'RAW DATA'!A:A,'RAW DATA'!C:C)) -> #N/A
A102: 14524750 | B102: Portal Quipt-PTCall | C102: Outbound | F102: hb42608 | G102: Agent0005@company.com | H102: 45917.408 | I102: 10 | J102: Dialer - No Answer | K102: 1055980050 | L102: QPT000661 | O102: 10 | R102: =IF(_xlfn.XLOOKUP(L102,'RAW DATA'!A:A,'RAW DATA'!B:B)=0,"",_xlfn.XLOOKUP(L102,'RAW DATA'!A:A,'RAW DATA'!B:B)) -> Wrong Doctor | S102: =IF(_xlfn.XLOOKUP(L102,'RAW DATA'!A:A,'RAW DATA'!C:C)=0,"",_xlfn.XLOOKUP(L102,'RAW DATA'!A:A,'RAW DATA'!C:C)) -> 3 or less
A103: 14556249 | B103: Portal Quipt-PTCall | C103: Outbound | F103: hb42608 | G103: Agent0005@company.com | H103: 45917.413 | I103: 240 | J103: Confirmed New Doctor | K103: 1055939761 | L103: QPT000659 | O103: 240 | P103: 60 | R103: =IF(_xlfn.XLOOKUP(L103,'RAW DATA'!A:A,'RAW DATA'!B:B)=0,"",_xlfn.XLOOKUP(L103,'RAW DATA'!A:A,'RAW DATA'!B:B)) -> EDocument | S103: =IF(_xlfn.XLOOKUP(L103,'RAW DATA'!A:A,'RAW DATA'!C:C)=0,"",_xlfn.XLOOKUP(L103,'RAW DATA'!A:A,'RAW DATA'!C:C)) -> 3 or less
A104: 14598771 | B104: Portal Quipt-PTCall | C104: Outbound | F104: hb42608 | G104: Agent0005@company.com | H104: 45917.422 | I104: 59 | J104: Voice Mail | K104: 1055939765 | L104: QPT000929 | O104: 59 | P104: 5 | R104: =IF(_xlfn.XLOOKUP(L104,'RAW DATA'!A:A,'RAW DATA'!B:B)=0,"",_xlfn.XLOOKUP(L104,'RAW DATA'!A:A,'RAW DATA'!B:B)) -> - | S104: =IF(_xlfn.XLOOKUP(L104,'RAW DATA'!A:A,'RAW DATA'!C:C)=0,"",_xlfn.XLOOKUP(L104,'RAW DATA'!A:A,'RAW DATA'!C:C)) -> 3 or less
A105: 14619537 | B105: Portal Quipt-PTCall | C105: Outbound | F105: hb42608 | G105: Agent0005@company.com | H105: 45917.426 | I105: 57 | J105: Voice Mail | K105: 1055939766 | L105: QPT001100 | O105: 57 | P105: 8 | R105: =IF(_xlfn.XLOOKUP(L105,'RAW DATA'!A:A,'RAW DATA'!B:B)=0,"",_xlfn.XLOOKUP(L105,'RAW DATA'!A:A,'RAW DATA'!B:B)) -> Not a Patient at this Location | S105: =IF(_xlfn.XLOOKUP(L105,'RAW DATA'!A:A,'RAW DATA'!C:C)=0,"",_xlfn.XLOOKUP(L105,'RAW DATA'!A:A,'RAW DATA'!C:C)) -> 3 or less
A106: 14641374 | B106: Portal Quipt-PTCall | C106: Outbound | F106: hb42608 | G106: Agent0005@company.com | H106: 45917.43 | I106: 167 | J106: No New Dr Info | K106: 1055939763 | L106: QPT000837 | O106: 167 | P106: 37 | R106: =IF(_xlfn.XLOOKUP(L106,'RAW DATA'!A:A,'RAW DATA'!B:B)=0,"",_xlfn.XLOOKUP(L106,'RAW DATA'!A:A,'RAW DATA'!B:B)) -> Wrong Doctor | S106: =IF(_xlfn.XLOOKUP(L106,'RAW DATA'!A:A,'RAW DATA'!C:C)=0,"",_xlfn.XLOOKUP(L106,'RAW DATA'!A:A,'RAW DATA'!C:C)) -> 3 or less
A107: 14682481 | B107: Portal Quipt-PTCall | C107: Outbound | F107: hb42608 | G107: Agent0005@company.com | H107: 45917.437 | I107: 1 | J107: Confirmed New Doctor | K107: 1055980045 | L107: QPT000856 | O107: 1 | P107: 8 | R107: =IF(_xlfn.XLOOKUP(L107,'RAW DATA'!A:A,'RAW DATA'!B:B)=0,"",_xlfn.XLOOKUP(L107,'RAW DATA'!A:A,'RAW DATA'!B:B)) -> - | S107: =IF(_xlfn.XLOOKUP(L107,'RAW DATA'!A:A,'RAW DATA'!C:C)=0,"",_xlfn.XLOOKUP(L107,'RAW DATA'!A:A,'RAW DATA'!C:C)) -> 3 or less
...

Sheet RAW DATA
A1: unqid | B1: SubStatus | C1: Days Grouping | D1: Campaign | E1: Row Number | F1: Touch Count
A2: QPT001108 | B2: - | C2: 3 or less | D2: =_xlfn.IFNA(_xlfn.XLOOKUP(Data[[#This Row],[unqid]],'Quipt Prod Data'!L:L,'Quipt Prod Data'!B:B),"") | E2: =_xlfn.IFNA(_xlfn.XMATCH(Data[[#This Row],[unqid]],'Quipt Prod Data'!L:L,0),"") | F2: =IF(COUNTIF('Quipt Prod Data'!L:L,Data[[#This Row],[unqid]])=0,"",COUNTIF('Quipt Prod Data'!L:L,Data[[#This Row],[unqid]]))
A3: QPT001107 | B3: - | C3: 3 or less | D3: =_xlfn.IFNA(_xlfn.XLOOKUP(Data[[#This Row],[unqid]],'Quipt Prod Data'!L:L,'Quipt Prod Data'!B:B),"") | E3: =_xlfn.IFNA(_xlfn.XMATCH(Data[[#This Row],[unqid]],'Quipt Prod Data'!L:L,0),"") | F3: =IF(COUNTIF('Quipt Prod Data'!L:L,Data[[#This Row],[unqid]])=0,"",COUNTIF('Quipt Prod Data'!L:L,Data[[#This Row],[unqid]]))
A4: QPT001106 | B4: Medical Records Missing | C4: 3 or less | D4: =_xlfn.IFNA(_xlfn.XLOOKUP(Data[[#This Row],[unqid]],'Quipt Prod Data'!L:L,'Quipt Prod Data'!B:B),"") | E4: =_xlfn.IFNA(_xlfn.XMATCH(Data[[#This Row],[unqid]],'Quipt Prod Data'!L:L,0),"") | F4: =IF(COUNTIF('Quipt Prod Data'!L:L,Data[[#This Row],[unqid]])=0,"",COUNTIF('Quipt Prod Data'!L:L,Data[[#This Row],[unqid]]))
A5: QPT001105 | B5: Medical Records Missing | C5: 3 or less | D5: =_xlfn.IFNA(_xlfn.XLOOKUP(Data[[#This Row],[unqid]],'Quipt Prod Data'!L:L,'Quipt Prod Data'!B:B),"") | E5: =_xlfn.IFNA(_xlfn.XMATCH(Data[[#This Row],[unqid]],'Quipt Prod Data'!L:L,0),"") | F5: =IF(COUNTIF('Quipt Prod Data'!L:L,Data[[#This Row],[unqid]])=0,"",COUNTIF('Quipt Prod Data'!L:L,Data[[#This Row],[unqid]]))
A6: QPT001104 | B6: - | C6: 3 or less | D6: =_xlfn.IFNA(_xlfn.XLOOKUP(Data[[#This Row],[unqid]],'Quipt Prod Data'!L:L,'Quipt Prod Data'!B:B),"") | E6: =_xlfn.IFNA(_xlfn.XMATCH(Data[[#This Row],[unqid]],'Quipt Prod Data'!L:L,0),"") | F6: =IF(COUNTIF('Quipt Prod Data'!L:L,Data[[#This Row],[unqid]])=0,"",COUNTIF('Quipt Prod Data'!L:L,Data[[#This Row],[unqid]]))
A7: QPT001103 | B7: Medical Records Need Review | C7: 3 or less | D7: =_xlfn.IFNA(_xlfn.XLOOKUP(Data[[#This Row],[unqid]],'Quipt Prod Data'!L:L,'Quipt Prod Data'!B:B),"") | E7: =_xlfn.IFNA(_xlfn.XMATCH(Data[[#This Row],[unqid]],'Quipt Prod Data'!L:L,0),"") | F7: =IF(COUNTIF('Quipt Prod Data'!L:L,Data[[#This Row],[unqid]])=0,"",COUNTIF('Quipt Prod Data'!L:L,Data[[#This Row],[unqid]]))
A8: QPT001102 | B8: Bad Fax Number | C8: 3 or less | D8: =_xlfn.IFNA(_xlfn.XLOOKUP(Data[[#This Row],[unqid]],'Quipt Prod Data'!L:L,'Quipt Prod Data'!B:B),"") | E8: =_xlfn.IFNA(_xlfn.XMATCH(Data[[#This Row],[unqid]],'Quipt Prod Data'!L:L,0),"") | F8: =IF(COUNTIF('Quipt Prod Data'!L:L,Data[[#This Row],[unqid]])=0,"",COUNTIF('Quipt Prod Data'!L:L,Data[[#This Row],[unqid]]))
A9: QPT001101 | B9: - | C9: 3 or less | D9: =_xlfn.IFNA(_xlfn.XLOOKUP(Data[[#This Row],[unqid]],'Quipt Prod Data'!L:L,'Quipt Prod Data'!B:B),"") | E9: =_xlfn.IFNA(_xlfn.XMATCH(Data[[#This Row],[unqid]],'Quipt Prod Data'!L:L,0),"") | F9: =IF(COUNTIF('Quipt Prod Data'!L:L,Data[[#This Row],[unqid]])=0,"",COUNTIF('Quipt Prod Data'!L:L,Data[[#This Row],[unqid]]))
A10: QPT001100 | B10: Not a Patient at this Location | C10: 3 or less | D10: =_xlfn.IFNA(_xlfn.XLOOKUP(Data[[#This Row],[unqid]],'Quipt Prod Data'!L:L,'Quipt Prod Data'!B:B),"") -> Portal Quipt-PTCall | E10: =_xlfn.IFNA(_xlfn.XMATCH(Data[[#This Row],[unqid]],'Quipt Prod Data'!L:L,0),"") -> 105 | F10: =IF(COUNTIF('Quipt Prod Data'!L:L,Data[[#This Row],[unqid]])=0,"",COUNTIF('Quipt Prod Data'!L:L,Data[[#This Row],[unqid]])) -> 1
A11: QPT001099 | B11: Bad Fax Number | C11: 3 or less | D11: =_xlfn.IFNA(_xlfn.XLOOKUP(Data[[#This Row],[unqid]],'Quipt Prod Data'!L:L,'Quipt Prod Data'!B:B),"") | E11: =_xlfn.IFNA(_xlfn.XMATCH(Data[[#This Row],[unqid]],'Quipt Prod Data'!L:L,0),"") | F11: =IF(COUNTIF('Quipt Prod Data'!L:L,Data[[#This Row],[unqid]])=0,"",COUNTIF('Quipt Prod Data'!L:L,Data[[#This Row],[unqid]]))
A12: QPT001098 | B12: - | C12: 3 or less | D12: =_xlfn.IFNA(_xlfn.XLOOKUP(Data[[#This Row],[unqid]],'Quipt Prod Data'!L:L,'Quipt Prod Data'!B:B),"") | E12: =_xlfn.IFNA(_xlfn.XMATCH(Data[[#This Row],[unqid]],'Quipt Prod Data'!L:L,0),"") | F12: =IF(COUNTIF('Quipt Prod Data'!L:L,Data[[#This Row],[unqid]])=0,"",COUNTIF('Quipt Prod Data'!L:L,Data[[#This Row],[unqid]]))
A13: QPT001097 | B13: - | C13: 3 or less | D13: =_xlfn.IFNA(_xlfn.XLOOKUP(Data[[#This Row],[unqid]],'Quipt Prod Data'!L:L,'Quipt Prod Data'!B:B),"") | E13: =_xlfn.IFNA(_xlfn.XMATCH(Data[[#This Row],[unqid]],'Quipt Prod Data'!L:L,0),"") | F13: =IF(COUNTIF('Quipt Prod Data'!L:L,Data[[#This Row],[unqid]])=0,"",COUNTIF('Quipt Prod Data'!L:L,Data[[#This Row],[unqid]]))
... A1109: QPT000001 | B1109: Client Removal Request | C1109: 91 to 120 | D1109: =_xlfn.IFNA(_xlfn.XLOOKUP(Data[[#This Row],[unqid]],'Quipt Prod Data'!L:L,'Quipt Prod Data'!B:B),"") | E1109: =_xlfn.IFNA(_xlfn.XMATCH(Data[[#This Row],[unqid]],'Quipt Prod Data'!L:L,0),"") | F1109: =IF(COUNTIF('Quipt Prod Data'!L:L,Data[[#This Row],[unqid]])=0,"",COUNTIF('Quipt Prod Data'!L:L,Data[[#This Row],[unqid]]))
